;Unnamed: 0;drug_name;ATC_WHO;db_id;num_interactions;atc_code
976;976;amitriptylin;N06AA09;DB00321;1940.0;N06AA09
1048;1048;sandimmun;L04AD01;DB00091;1919.0;L04AD01
1419;1419;biston;N03AF01;DB00564;1918.0;N03AF01
320;320;neurotop;N03AF01;DB00564;1918.0;N03AF01
262;262;digoxin;C01AA05;DB00390;1913.0;C01AA05
371;371;tarka;C09BB10;DB00661;1900.0;C09BB10
373;373;lekoptin;C08DA01;DB00661;1900.0;C08DA01
353;353;isoptin;C08DA01;DB00661;1900.0;C08DA01
1325;1325;xeplion;N05AX13;DB01267;1876.0;N05AX13
1328;1328;invega;N05AX13;DB01267;1876.0;N05AX13
865;865;zonegran;N03AX15;DB00909;1853.0;N03AX15
947;947;zonisamid;N03AX15;DB00909;1853.0;N03AX15
675;675;questax;N05AH04;DB01224;1850.0;N05AH04
1014;1014;kventiax;N05AH04;DB01224;1850.0;N05AH04
571;571;quetiapin;N05AH04;DB01224;1850.0;N05AH04
537;537;ketilept;N05AH04;DB01224;1850.0;N05AH04
1195;1195;quetiapine;N05AH04;DB01224;1850.0;N05AH04
676;676;derin;N05AH04;DB01224;1850.0;N05AH04
133;133;warfarin;B01AA03;DB00682;1848.0;B01AA03
350;350;haloperidol;N05AD01;DB00502;1839.0;N05AD01
43;43;degan;A03FA01;DB01233;1832.0;A03FA01
37;37;cerucal;A03FA01;DB01233;1832.0;A03FA01
1031;1031;fevarin;N06AB08;DB00176;1824.0;N06AB08
1572;1572;imnovid;L04AX06;DB08910;1812.0;L04AX06
480;480;velaxin;N06AX16;DB00285;1804.0;N06AX16
782;782;elify;N06AX16;DB00285;1804.0;N06AX16
484;484;venlafaxin;N06AX16;DB00285;1804.0;N06AX16
639;639;olwexya;N06AX16;DB00285;1804.0;N06AX16
449;449;argofan;N06AX16;DB00285;1804.0;N06AX16
1166;1166;celebrex;M01AH01;DB00482;1797.0;M01AH01
808;808;aclexa;M01AH01;DB00482;1797.0;M01AH01
902;902;anafranil;N06AA04;DB01242;1790.0;N06AA04
1471;1471;dulsevia;N06AX21;DB00476;1779.0;N06AX21
1170;1170;cymbalta;N06AX21;DB00476;1779.0;N06AX21
1009;1009;duloxetin;N06AX21;DB00476;1779.0;N06AX21
72;72;biseptol;J01EE01;DB01015;1777.0;J01EE01
285;285;indometacin;M01AB01;DB00328;1777.0;M01AB01
376;376;sumetrolim;J01EE01;DB01015;1777.0;J01EE01
1318;1318;qlaira;G03AB08;DB00783;1766.0;G03AB08
1285;1285;teyla;G02BB01;DB00783;1766.0;G02BB01
557;557;estrofem;G03CA03;DB00783;1766.0;G03CA03
1194;1194;oestrogel;G03CA03;DB00783;1766.0;G03CA03
1146;1146;novofem;G03FB05;DB00783;1766.0;G03FB05
1154;1154;lenzetto;G03CA03;DB00783;1766.0;G03CA03
795;795;minerva;G03HB01;DB00783;1766.0;G03HB01
1137;1137;estrahexal;G03CA03;DB00783;1766.0;G03CA03
832;832;gynovel;G03FA01;DB00783;1766.0;G03FA01
1005;1005;kliogest;G03FA01;DB00783;1766.0;G03FA01
1513;1513;folivirin;G03EA02;DB00783;1766.0;G03EA02
423;423;activelle;G03FA01;DB00783;1766.0;G03FA01
916;916;angeliq;G03FA17;DB00783;1766.0;G03FA17
743;743;vagifem;G03CA03;DB00783;1766.0;G03CA03
839;839;indivina;G03FA12;DB00783;1766.0;G03FA12
1444;1444;trisequens;G03FB05;DB00783;1766.0;G03FB05
616;616;diane;G03HB01;DB00783;1766.0;G03HB01
1261;1261;nuvaring;G02BB01;DB00783;1766.0;G02BB01
210;210;rhefluin;C03EA01;DB00999;1765.0;C03EA01
412;412;hydrochlorothiazid;C03AA03;DB00999;1765.0;C03AA03
1004;1004;hydrochlorothiazide;C03AA03;DB00999;1765.0;C03AA03
267;267;loradur;C03EA01;DB00999;1765.0;C03EA01
672;672;mabron;N02AX02;DB00193;1757.0;N02AX02
815;815;tramylpa;N02AJ13;DB00193;1757.0;N02AJ13
108;108;tramal;N02AX02;DB00193;1757.0;N02AX02
211;211;tramadol;N02AX02;DB00193;1757.0;N02AX02
1228;1228;skudexa;N02AJ14;DB00193;1757.0;N02AJ14
1525;1525;maratia;N02AJ13;DB00193;1757.0;N02AJ13
518;518;foxis;N02AJ13;DB00193;1757.0;N02AJ13
55;55;zaldiar;N02AJ13;DB00193;1757.0;N02AJ13
27;27;tralgit;N02AX02;DB00193;1757.0;N02AX02
269;269;doreta;N02AJ13;DB00193;1757.0;N02AJ13
1438;1438;medracet;N02AJ13;DB00193;1757.0;N02AJ13
520;520;palgotal;N02AJ13;DB00193;1757.0;N02AJ13
360;360;prothazin;R06AD02;DB01069;1748.0;R06AD02
212;212;ciprofloxacin;J01MA02;DB00537;1741.0;J01MA02
958;958;cifloxinal;J01MA02;DB00537;1741.0;J01MA02
235;235;ciprinol;J01MA02;DB00537;1741.0;J01MA02
274;274;ciplox;J01MA02;DB00537;1741.0;J01MA02
1475;1475;nidrazid;J04AC01;DB00951;1730.0;J04AC01
1394;1394;advagraf;L04AD02;DB00864;1719.0;L04AD02
1082;1082;protopic;D11AH01;DB00864;1719.0;D11AH01
4;4;diazepam;N05BA01;DB00829;1714.0;N05BA01
263;263;apaurin;N05BA01;DB00829;1714.0;N05BA01
587;587;dolsin;N02AB02;DB00454;1713.0;N02AB02
435;435;thyrozol;H03BB02;DB00763;1709.0;H03BB02
242;242;xarelto;B01AF01;DB06228;1705.0;B01AF01
772;772;brintellix;N06AX26;DB09068;1702.0;N06AX26
481;481;veral;M01AB05;DB00586;1702.0;M01AB05
337;337;dolmina;M01AB05;DB00586;1702.0;M01AB05
720;720;olfen;M01AB05;DB00586;1702.0;M01AB05
719;719;olfen;M02AA15;DB00586;1702.0;M02AA15
400;400;voltaren;M02AA15;DB00586;1702.0;M02AA15
399;399;voltaren;M01AB05;DB00586;1702.0;M01AB05
482;482;veral;M02AA15;DB00586;1702.0;M02AA15
734;734;apo-diclo;M01AB05;DB00586;1702.0;M01AB05
92;92;diclofenac;M02AA15;DB00586;1702.0;M02AA15
1314;1314;flector;M02AA15;DB00586;1702.0;M02AA15
91;91;diclofenac;M01AB05;DB00586;1702.0;M01AB05
659;659;almiral;M01AB05;DB00586;1702.0;M01AB05
660;660;almiral;M02AA15;DB00586;1702.0;M02AA15
539;539;uno;M01AB05;DB00586;1702.0;M01AB05
1315;1315;flector;M01AB05;DB00586;1702.0;M01AB05
1273;1273;dicloabak;S01BC03;DB00586;1702.0;S01BC03
1398;1398;frisium;N05BA09;DB00349;1692.0;N05BA09
478;478;nalgesin;M01AE02;DB00788;1687.0;M01AE02
1026;1026;cholib;C10BA04;DB01039;1685.0;C10BA04
1191;1191;suprelip;C10AB05;DB01039;1685.0;C10AB05
838;838;apo-feno;C10AB05;DB01039;1685.0;C10AB05
702;702;fortilip;C10AB05;DB01039;1685.0;C10AB05
652;652;fenofix;C10AB05;DB01039;1685.0;C10AB05
1507;1507;indapamide;C03BA11;DB00808;1683.0;C03BA11
169;169;indap;C03BA11;DB00808;1683.0;C03BA11
469;469;tonanda;C09BX01;DB00808;1683.0;C09BX01
622;622;lopridam;C09BX01;DB00808;1683.0;C09BX01
245;245;indapamid;C03BA11;DB00808;1683.0;C03BA11
219;219;triplixam;C09BX01;DB00808;1683.0;C09BX01
643;643;lamictal;N03AX09;DB00555;1679.0;N03AX09
717;717;lamotrigin;N03AX09;DB00555;1679.0;N03AX09
1514;1514;folivirin;G03EA02;DB00624;1679.0;G03EA02
810;810;lamotrix;N03AX09;DB00555;1679.0;N03AX09
357;357;sumatriptan;N02CC01;DB00669;1678.0;N02CC01
881;881;rosemig;N02CC01;DB00669;1678.0;N02CC01
1487;1487;vokanamet;A10BD16;DB08907;1675.0;A10BD16
1135;1135;invokana;A10BK02;DB08907;1675.0;A10BK02
950;950;mictonetten;G04BD06;DB12278;1671.0;G04BD06
486;486;mictonorm;G04BD06;DB12278;1671.0;G04BD06
554;554;baclofen;M03BX01;DB00181;1669.0;M03BX01
612;612;dormicum;N05CD08;DB00683;1663.0;N05CD08
87;87;midazolam;N05CD08;DB00683;1663.0;N05CD08
456;456;trexan;L04AX03;DB00563;1662.0;L04AX03
1396;1396;metoject;L04AX03;DB00563;1662.0;L04AX03
626;626;methotrexat;L04AX03;DB00563;1662.0;L04AX03
625;625;methotrexat;L01BA01;DB00563;1662.0;L01BA01
496;496;effentora;N02AB03;DB00813;1659.0;N02AB03
663;663;dolforin;N02AB03;DB00813;1659.0;N02AB03
797;797;fentalis;N02AB03;DB00813;1659.0;N02AB03
963;963;vellofent;N02AB03;DB00813;1659.0;N02AB03
925;925;lunaldin;N02AB03;DB00813;1659.0;N02AB03
783;783;durogesic;N02AB03;DB00813;1659.0;N02AB03
1227;1227;adolor;N02AB03;DB00813;1659.0;N02AB03
1115;1115;matrifen;N02AB03;DB00813;1659.0;N02AB03
1403;1403;instanyl;N02AB03;DB00813;1659.0;N02AB03
1382;1382;fenroo;N02AB03;DB00813;1659.0;N02AB03
159;159;fentanyl;N02AB03;DB00813;1659.0;N02AB03
158;158;fentanyl;N01AH01;DB00813;1659.0;N01AH01
1171;1171;pecfent;N02AB03;DB00813;1659.0;N02AB03
789;789;coxtral;M01AX17;DB04743;1655.0;M01AX17
131;131;aulin;M01AX17;DB04743;1655.0;M01AX17
790;790;betmiga;G04BD12;DB08893;1655.0;G04BD12
115;115;nimesil;M01AX17;DB04743;1655.0;M01AX17
132;132;aulin;M02AA26;DB04743;1655.0;M02AA26
850;850;toviaz;G04BD11;DB06702;1654.0;G04BD11
1032;1032;azarga;S01ED51;DB00373;1649.0;S01ED51
1231;1231;timolol;S01ED01;DB00373;1649.0;S01ED01
844;844;cosopt;S01ED51;DB00373;1649.0;S01ED51
1073;1073;dualkopt;S01ED51;DB00373;1649.0;S01ED51
851;851;timo-comod;S01ED01;DB00373;1649.0;S01ED01
1218;1218;dozotima;S01ED51;DB00373;1649.0;S01ED51
1083;1083;combigan;S01ED51;DB00373;1649.0;S01ED51
1022;1022;xaloptic;S01ED51;DB00373;1649.0;S01ED51
653;653;xalacom;S01ED51;DB00373;1649.0;S01ED51
1013;1013;arutimol;S01ED01;DB00373;1649.0;S01ED01
1543;1543;braltus;R03BB04;DB01409;1646.0;R03BB04
501;501;spiriva;R03BB04;DB01409;1646.0;R03BB04
1244;1244;urizia;G04CA53;DB00706;1641.0;G04CA53
1565;1565;duodart;G04CA52;DB00706;1641.0;G04CA52
745;745;tamsulosin;G04CA02;DB00706;1641.0;G04CA02
568;568;xanax;N05BA12;DB00404;1626.0;N05BA12
329;329;frontin;N05BA12;DB00404;1626.0;N05BA12
34;34;neurol;N05BA12;DB00404;1626.0;N05BA12
475;475;mycomax;J02AC01;DB00196;1625.0;J02AC01
1042;1042;flukonazol;J02AC01;DB00196;1625.0;J02AC01
1373;1373;diflucan;J02AC01;DB00196;1625.0;J02AC01
870;870;fluconazol;J02AC01;DB00196;1625.0;J02AC01
934;934;topiramat;N03AX11;DB00273;1624.0;N03AX11
883;883;topamax;N03AX11;DB00273;1624.0;N03AX11
1511;1511;eplerenon;C03DA04;DB00700;1617.0;C03DA04
1029;1029;xigduo;A10BD15;DB06292;1616.0;A10BD15
913;913;forxiga;A10BK01;DB06292;1616.0;A10BK01
1044;1044;flamexin;M01AC01;DB00554;1601.0;M01AC01
1081;1081;naxalgan;N03AX16;DB00230;1600.0;N03AX16
1499;1499;pregamid;N03AX16;DB00230;1600.0;N03AX16
640;640;pragiola;N03AX16;DB00230;1600.0;N03AX16
1365;1365;siranalen;N03AX16;DB00230;1600.0;N03AX16
260;260;pregabalin;N03AX16;DB00230;1600.0;N03AX16
1131;1131;prelica;N03AX16;DB00230;1600.0;N03AX16
1413;1413;preglenix;N03AX16;DB00230;1600.0;N03AX16
172;172;lyrica;N03AX16;DB00230;1600.0;N03AX16
1188;1188;tinkair;R01AD05;DB01222;1597.0;R01AD05
1142;1142;giona;R03BA02;DB01222;1597.0;R03BA02
1173;1173;cortiment;A07EA06;DB01222;1597.0;A07EA06
683;683;budiair;R03BA02;DB01222;1597.0;R03BA02
577;577;miflonid;R03BA02;DB01222;1597.0;R03BA02
264;264;symbicort;R03AK07;DB01222;1597.0;R03AK07
1103;1103;pulmicort;R03BA02;DB01222;1597.0;R03BA02
869;869;ropivacaine;N01BB09;DB00296;1593.0;N01BB09
255;255;acylpyrin;N02BA51;DB00945;1586.0;N02BA51
149;149;stacyl;B01AC06;DB00945;1586.0;B01AC06
559;559;vasopirin;B01AC06;DB00945;1586.0;B01AC06
82;82;godasal;B01AC06;DB00945;1586.0;B01AC06
1374;1374;kardegic;B01AC06;DB00945;1586.0;B01AC06
142;142;anopyrin;B01AC06;DB00945;1586.0;B01AC06
547;547;aspirin;B01AC06;DB00945;1586.0;B01AC06
141;141;anopyrin;N02BA01;DB00945;1586.0;N02BA01
256;256;acylpyrin;N02BA01;DB00945;1586.0;N02BA01
545;545;aspirin;N02BA51;DB00945;1586.0;N02BA51
546;546;aspirin;N02BA01;DB00945;1586.0;N02BA01
645;645;sobycor;C07FB07;DB00612;1585.0;C07FB07
644;644;sobycor;C07AB07;DB00612;1585.0;C07AB07
69;69;bisoprolol;C07AB07;DB00612;1585.0;C07AB07
776;776;bigital;C07FB07;DB00612;1585.0;C07FB07
1034;1034;combiso;C07BB07;DB00612;1585.0;C07BB07
119;119;concor;C07AB07;DB00612;1585.0;C07AB07
368;368;rivocor;C07AB07;DB00612;1585.0;C07AB07
120;120;concor;C07FB07;DB00612;1585.0;C07FB07
391;391;cosyrel;C09BX02;DB00612;1585.0;C09BX02
679;679;lodoz;C07BB07;DB00612;1585.0;C07BB07
817;817;bisocard;C07AB07;DB00612;1585.0;C07AB07
418;418;cezera;R06AE09;DB06282;1584.0;R06AE09
327;327;zenaro;R06AE09;DB06282;1584.0;R06AE09
580;580;analergin;R06AE09;DB06282;1584.0;R06AE09
952;952;levocetirizin;R06AE09;DB06282;1584.0;R06AE09
1126;1126;alergimed;R06AE09;DB06282;1584.0;R06AE09
126;126;xyzal;R06AE09;DB06282;1584.0;R06AE09
1357;1357;mysimba;A08AA62;DB01156;1574.0;A08AA62
1300;1300;elontril;N06AX12;DB01156;1574.0;N06AX12
960;960;bupropion;N06AX12;DB01156;1574.0;N06AX12
1542;1542;dopegyt;C02AB01;DB00968;1570.0;C02AB01
54;54;akynzeo;A04AA55;DB00377;1570.0;A04AA55
59;59;palonosetron;A04AA05;DB00377;1570.0;A04AA05
193;193;aloxi;A04AA05;DB00377;1570.0;A04AA05
649;649;ranisan;A02BA02;DB00863;1564.0;A02BA02
1523;1523;dexdor;N05CM18;DB00633;1562.0;N05CM18
1522;1522;dexmedetomidine;N05CM18;DB00633;1562.0;N05CM18
1477;1477;colchicum-dispert;M04AC01;DB01394;1561.0;M04AC01
581;581;analergin;R06AE07;DB00341;1558.0;R06AE07
174;174;zyrtec;R06AE07;DB00341;1558.0;R06AE07
1090;1090;cetirizin;R06AE07;DB00341;1558.0;R06AE07
988;988;alerid;R06AE07;DB00341;1558.0;R06AE07
125;125;zodac;R06AE07;DB00341;1558.0;R06AE07
1130;1130;modafen;M01AE51;DB01050;1554.0;M01AE51
966;966;nurofen;M02AA13;DB01050;1554.0;M02AA13
924;924;ibumax;M01AE01;DB01050;1554.0;M01AE01
204;204;brufen;M01AE01;DB01050;1554.0;M01AE01
434;434;apo-ibuprofen;M01AE01;DB01050;1554.0;M01AE01
29;29;ibalgin;M01AE01;DB01050;1554.0;M01AE01
30;30;ibalgin;M02AA13;DB01050;1554.0;M02AA13
31;31;ibalgin;M01AE51;DB01050;1554.0;M01AE51
770;770;dolgit;M01AE01;DB01050;1554.0;M01AE01
769;769;dolgit;M02AA13;DB01050;1554.0;M02AA13
965;965;nurofen;M01AE51;DB01050;1554.0;M01AE51
106;106;ibuprofen;M02AA13;DB01050;1554.0;M02AA13
105;105;ibuprofen;M01AE01;DB01050;1554.0;M01AE01
964;964;nurofen;M01AE01;DB01050;1554.0;M01AE01
610;610;sitagliptin;A10BH01;DB01261;1552.0;A10BH01
1282;1282;ketoprofen;M01AE03;DB01009;1552.0;M01AE03
511;511;januvia;A10BH01;DB01261;1552.0;A10BH01
1255;1255;keplat;M02AA10;DB01009;1552.0;M02AA10
12;12;ketonal;M02AA10;DB01009;1552.0;M02AA10
488;488;janumet;A10BD07;DB01261;1552.0;A10BD07
11;11;ketonal;M01AE03;DB01009;1552.0;M01AE03
420;420;fastum;M02AA10;DB01009;1552.0;M02AA10
1222;1222;minidiab;A10BB07;DB01067;1552.0;A10BB07
806;806;depo-provera;L02AB02;DB00603;1546.0;L02AB02
382;382;provera;G03DA02;DB00603;1546.0;G03DA02
383;383;provera;L02AB02;DB00603;1546.0;L02AB02
840;840;indivina;G03FA12;DB00603;1546.0;G03FA12
1493;1493;furosemide;C03CA01;DB00695;1544.0;C03CA01
307;307;furosemid;C03CA01;DB00695;1544.0;C03CA01
97;97;furon;C03CA01;DB00695;1544.0;C03CA01
190;190;furorese;C03CA01;DB00695;1544.0;C03CA01
173;173;egilok;C07AB02;DB00264;1542.0;C07AB02
614;614;metoprolol;C07AB02;DB00264;1542.0;C07AB02
171;171;rivotril;N03AE01;DB01068;1542.0;N03AE01
70;70;betaloc;C07AB02;DB00264;1542.0;C07AB02
551;551;bloxazoc;C07AB02;DB00264;1542.0;C07AB02
1430;1430;pk-merz;N04BB01;DB00915;1540.0;N04BB01
1258;1258;viregyt-k;N04BB01;DB00915;1540.0;N04BB01
765;765;oramellox;M01AC06;DB00814;1534.0;M01AC06
438;438;recoxa;M01AC06;DB00814;1534.0;M01AC06
385;385;meloxicam;M01AC06;DB00814;1534.0;M01AC06
487;487;melocox;M01AC06;DB00814;1534.0;M01AC06
370;370;pradaxa;B01AE07;DB06695;1533.0;B01AE07
1280;1280;oxycodon/naloxon;N02AA55;DB01183;1531.0;N02AA55
396;396;targin;N02AA55;DB01183;1531.0;N02AA55
1462;1462;efient;B01AC22;DB06209;1530.0;B01AC22
1474;1474;sural;J04AK02;DB00330;1528.0;J04AK02
727;727;bretaris;R03BB05;DB08897;1522.0;R03BB05
1558;1558;duaklir;R03AL05;DB08897;1522.0;R03AL05
1133;1133;brimica;R03AL05;DB08897;1522.0;R03AL05
129;129;verospiron;C03DA01;DB00421;1517.0;C03DA01
912;912;vipidia;A10BH04;DB06203;1517.0;A10BH04
741;741;vipdomet;A10BD13;DB06203;1517.0;A10BD13
1035;1035;lixiana;B01AF03;DB09075;1514.0;B01AF03
39;39;torecan;R06AD03;DB00372;1512.0;R06AD03
73;73;biseptol;J01EE01;DB00440;1512.0;J01EE01
377;377;sumetrolim;J01EE01;DB00440;1512.0;J01EE01
1152;1152;pemetrexed;L01BA04;DB00642;1509.0;L01BA04
0;0;lexaurin;N05BA08;DB01558;1497.0;N05BA08
279;279;doxybene;J01AA02;DB00254;1496.0;J01AA02
284;284;deoxymykoin;J01AA02;DB00254;1496.0;J01AA02
533;533;doxyhexal;J01AA02;DB00254;1496.0;J01AA02
1084;1084;mywy;G03AA12;DB01395;1491.0;G03AA12
1323;1323;luisea;G03AA12;DB01395;1491.0;G03AA12
1277;1277;softinelle;G03AA12;DB01395;1491.0;G03AA12
1274;1274;yasminelle;G03AA12;DB01395;1491.0;G03AA12
1155;1155;axia;G03AA12;DB01395;1491.0;G03AA12
1123;1123;daylette;G03AA12;DB01395;1491.0;G03AA12
1121;1121;jangee;G03AA12;DB01395;1491.0;G03AA12
1111;1111;yadine;G03AA12;DB01395;1491.0;G03AA12
1097;1097;softine;G03AA12;DB01395;1491.0;G03AA12
1283;1283;rhonya;G03AA12;DB01395;1491.0;G03AA12
1297;1297;velmari;G03AA12;DB01395;1491.0;G03AA12
1326;1326;nyssiela;G03AA12;DB01395;1491.0;G03AA12
917;917;angeliq;G03FA17;DB01395;1491.0;G03FA17
1360;1360;emona;G03AA12;DB01395;1491.0;G03AA12
195;195;furolin;J01XE01;DB00698;1491.0;J01XE01
767;767;yaz;G03AA12;DB01395;1491.0;G03AA12
151;151;ventolin;R03AC02;DB01001;1489.0;R03AC02
877;877;buventol;R03AC02;DB01001;1489.0;R03AC02
152;152;ventolin;R03CC02;DB01001;1489.0;R03CC02
1585;1585;daxas;R03DX07;DB01656;1488.0;R03DX07
996;996;agapurin;C04AD03;DB00806;1488.0;C04AD03
887;887;gemcitabine;L01BC05;DB00441;1486.0;L01BC05
333;333;gemcitabin;L01BC05;DB00441;1486.0;L01BC05
1411;1411;flucinar;D07AC04;DB00591;1485.0;D07AC04
1091;1091;gelargin;D07AC04;DB00591;1485.0;D07AC04
56;56;zaldiar;N02AJ13;DB00316;1484.0;N02AJ13
428;428;valetol;N02BE51;DB00316;1484.0;N02BE51
7;7;paralen;N02BE01;DB00316;1484.0;N02BE01
848;848;talvosilen;N02AJ06;DB00316;1484.0;N02AJ06
6;6;paracetamol;N02BE01;DB00316;1484.0;N02BE01
816;816;tramylpa;N02AJ13;DB00316;1484.0;N02AJ13
1028;1028;coldrex;N02BE51;DB00316;1484.0;N02BE51
519;519;foxis;N02AJ13;DB00316;1484.0;N02AJ13
521;521;palgotal;N02AJ13;DB00316;1484.0;N02AJ13
270;270;doreta;N02AJ13;DB00316;1484.0;N02AJ13
1235;1235;saridon;N02BE51;DB00316;1484.0;N02BE51
523;523;ultracod;N02AJ06;DB00316;1484.0;N02AJ06
708;708;korylan;N02AJ06;DB00316;1484.0;N02AJ06
8;8;paralen;N02BE51;DB00316;1484.0;N02BE51
1439;1439;medracet;N02AJ13;DB00316;1484.0;N02AJ13
975;975;migralgin;N02BE51;DB00316;1484.0;N02BE51
1526;1526;maratia;N02AJ13;DB00316;1484.0;N02AJ13
384;384;ataralgin;N02BE51;DB00316;1484.0;N02BE51
1466;1466;oprymea;N04BC05;DB00413;1479.0;N04BC05
492;492;monopril;C09AA09;DB00492;1478.0;C09AA09
932;932;fosinopril;C09AA09;DB00492;1478.0;C09AA09
836;836;amesos;C09BB03;DB00722;1477.0;C09BB03
558;558;diroton;C09AA03;DB00722;1477.0;C09AA03
395;395;dapril;C09AA03;DB00722;1477.0;C09AA03
1551;1551;lisipril;C09AA03;DB00722;1477.0;C09AA03
980;980;vidonorm;C09BB04;DB00790;1475.0;C09BB04
814;814;perinalon;C09AA04;DB00790;1475.0;C09AA04
788;788;perinpa;C09BA04;DB00790;1475.0;C09BA04
176;176;prestance;C09BB04;DB00790;1475.0;C09BB04
220;220;triplixam;C09BX01;DB00790;1475.0;C09BX01
543;543;tonarssa;C09BB04;DB00790;1475.0;C09BB04
470;470;tonanda;C09BX01;DB00790;1475.0;C09BX01
303;303;prenewel;C09BA04;DB00790;1475.0;C09BA04
746;746;lipertance;C10BX11;DB00790;1475.0;C10BX11
695;695;gleperil;C09AA04;DB00790;1475.0;C09AA04
52;52;prestarium;C09BA04;DB00790;1475.0;C09BA04
322;322;perindopril;C09AA04;DB00790;1475.0;C09AA04
51;51;prestarium;C09AA04;DB00790;1475.0;C09AA04
323;323;perindopril;C09BB04;DB00790;1475.0;C09BB04
392;392;cosyrel;C09BX02;DB00790;1475.0;C09BX02
258;258;prenessa;C09AA04;DB00790;1475.0;C09AA04
696;696;gleperil;C09BA04;DB00790;1475.0;C09BA04
623;623;lopridam;C09BX01;DB00790;1475.0;C09BX01
735;735;priamlo;C09BB04;DB00790;1475.0;C09BB04
621;621;asacol;A07EC02;DB00244;1470.0;A07EC02
1023;1023;pentasa;A07EC02;DB00244;1470.0;A07EC02
728;728;salofalk;A07EC02;DB00244;1470.0;A07EC02
99;99;nolpaza;A02BC02;DB00213;1468.0;A02BC02
148;148;pantoprazol;A02BC02;DB00213;1468.0;A02BC02
167;167;pantomyl;A02BC02;DB00213;1468.0;A02BC02
1229;1229;skudexa;N02AJ14;DB09214;1468.0;N02AJ14
84;84;controloc;A02BC02;DB00213;1468.0;A02BC02
739;739;apo-panto;A02BC02;DB00213;1468.0;A02BC02
1178;1178;pantoprazole;A02BC02;DB00213;1468.0;A02BC02
991;991;dexoket;M01AE17;DB09214;1468.0;M01AE17
413;413;amicloton;C03EA06;DB00310;1462.0;C03EA06
164;164;prednison;H02AB07;DB00635;1460.0;H02AB07
427;427;xeloda;L01BC06;DB01101;1450.0;L01BC06
180;180;capecitabine;L01BC06;DB01101;1450.0;L01BC06
179;179;biofenac;M01AB16;DB06736;1449.0;M01AB16
541;541;zulbex;A02BC04;DB01129;1444.0;A02BC04
1190;1190;rapoxol;A02BC04;DB01129;1444.0;A02BC04
343;343;rosalgin;G02CC03;DB09084;1440.0;G02CC03
2;2;novalgin;N02BB02;DB04817;1438.0;N02BB02
9;9;metamizol;N02BB02;DB04817;1438.0;N02BB02
1340;1340;metamizole;N02BB02;DB04817;1438.0;N02BB02
578;578;imuran;L04AX01;DB00993;1436.0;L04AX01
918;918;imasup;L04AX01;DB00993;1436.0;L04AX01
196;196;oxazepam;N05BA04;DB00842;1433.0;N05BA04
954;954;diluran;S01EC01;DB00819;1432.0;S01EC01
859;859;ebixa;N06DX01;DB01043;1431.0;N06DX01
1510;1510;memantin;N06DX01;DB01043;1431.0;N06DX01
774;774;minirin;H01BA02;DB00035;1431.0;H01BA02
1483;1483;mantomed;N06DX01;DB01043;1431.0;N06DX01
931;931;megace;L02AB01;DB00351;1427.0;L02AB01
1055;1055;megaplex;L02AB01;DB00351;1427.0;L02AB01
1079;1079;mistra;G03AA16;DB09123;1423.0;G03AA16
1319;1319;qlaira;G03AB08;DB09123;1423.0;G03AB08
1268;1268;bonadea;G03AA16;DB09123;1423.0;G03AA16
1271;1271;dienille;G03AA16;DB09123;1423.0;G03AA16
1472;1472;arixtra;B01AX05;DB00569;1410.0;B01AX05
1395;1395;myfenax;L04AA06;DB01024;1401.0;L04AA06
1521;1521;myfortic;L04AA06;DB01024;1401.0;L04AA06
1355;1355;ziprasidon;N05AE04;DB00246;1398.0;N05AE04
1354;1354;zypsilan;N05AE04;DB00246;1398.0;N05AE04
1544;1544;amiokordin;C01BD01;DB01118;1397.0;C01BD01
485;485;amiodaron;C01BD01;DB01118;1397.0;C01BD01
406;406;cordarone;C01BD01;DB01118;1397.0;C01BD01
1578;1578;sedacoron;C01BD01;DB01118;1397.0;C01BD01
1254;1254;dobutamin;C01CA07;DB00841;1397.0;C01CA07
835;835;rivodaron;C01BD01;DB01118;1397.0;C01BD01
1409;1409;explemed;N05AX12;DB01238;1388.0;N05AX12
1378;1378;abilify;N05AX12;DB01238;1388.0;N05AX12
1302;1302;asduter;N05AX12;DB01238;1388.0;N05AX12
1338;1338;aripiprazole;N05AX12;DB01238;1388.0;N05AX12
953;953;reseligo;L02AE03;DB00014;1382.0;L02AE03
1571;1571;revlimid;L04AX04;DB00480;1378.0;L04AX04
71;71;purinol;M04AA01;DB00437;1377.0;M04AA01
261;261;allopurinol;M04AA01;DB00437;1377.0;M04AA01
296;296;alopurinol;M04AA01;DB00437;1377.0;M04AA01
127;127;milurit;M04AA01;DB00437;1377.0;M04AA01
512;512;eucreas;A10BD08;DB00331;1368.0;A10BD08
1010;1010;synjardy;A10BD20;DB00331;1368.0;A10BD20
202;202;stadamet;A10BA02;DB00331;1368.0;A10BA02
742;742;vipdomet;A10BD13;DB00331;1368.0;A10BD13
1574;1574;jentadueto;A10BD11;DB00331;1368.0;A10BD11
1030;1030;xigduo;A10BD15;DB00331;1368.0;A10BD15
150;150;glucophage;A10BA02;DB00331;1368.0;A10BA02
78;78;metformin;A10BA02;DB00331;1368.0;A10BA02
489;489;janumet;A10BD07;DB00331;1368.0;A10BD07
1216;1216;glibomet;A10BD02;DB00331;1368.0;A10BD02
1242;1242;normaglyc;A10BA02;DB00331;1368.0;A10BA02
1488;1488;vokanamet;A10BD16;DB00331;1368.0;A10BD16
1388;1388;metfogamma;A10BA02;DB00331;1368.0;A10BA02
90;90;siofor;A10BA02;DB00331;1368.0;A10BA02
1180;1180;multihance;V08CA08;DB00743;1363.0;V08CA08
1562;1562;temodal;L01AX03;DB00853;1362.0;L01AX03
1179;1179;temozolomide;L01AX03;DB00853;1362.0;L01AX03
1583;1583;lonsurf;L01BC59;DB00432;1351.0;L01BC59
1002;1002;laxygal;A06AB08;DB09268;1344.0;A06AB08
1157;1157;picoprep;A06AB58;DB09268;1344.0;A06AB58
214;214;guttalax;A06AB08;DB09268;1344.0;A06AB08
1144;1144;bleomycin;L01DC01;DB00290;1335.0;L01DC01
1246;1246;entresto;C09DX04;DB09292;1329.0;C09DX04
45;45;luminal;N03AA02;DB01174;1323.0;N03AA02
847;847;monosan;C01DA14;DB01020;1315.0;C01DA14
1250;1250;monotab;C01DA14;DB01020;1315.0;C01DA14
882;882;tobrex;S01AA12;DB00684;1294.0;S01AA12
990;990;nykob;N05AH03;DB00334;1292.0;N05AH03
876;876;zyprexa;N05AH03;DB00334;1292.0;N05AH03
1107;1107;zypadhera;N05AH03;DB00334;1292.0;N05AH03
891;891;zalasta;N05AH03;DB00334;1292.0;N05AH03
1418;1418;olpinat;N05AH03;DB00334;1292.0;N05AH03
1238;1238;egolanza;N05AH03;DB00334;1292.0;N05AH03
1434;1434;stygapon;N05AH03;DB00334;1292.0;N05AH03
209;209;olanzapin;N05AH03;DB00334;1292.0;N05AH03
561;561;carvesan;C07AG02;DB01136;1283.0;C07AG02
390;390;dilatrend;C07AG02;DB01136;1283.0;C07AG02
732;732;coryol;C07AG02;DB01136;1283.0;C07AG02
714;714;atram;C07AG02;DB01136;1283.0;C07AG02
642;642;liskantin;N03AA03;DB00794;1280.0;N03AA03
1337;1337;carboplatin;L01XA02;DB00958;1267.0;L01XA02
857;857;sangona;C09DA01;DB00678;1264.0;C09DA01
856;856;sangona;C09CA01;DB00678;1264.0;C09CA01
933;933;losartan;C09CA01;DB00678;1264.0;C09CA01
250;250;lorista;C09CA01;DB00678;1264.0;C09CA01
251;251;lorista;C09DA01;DB00678;1264.0;C09DA01
117;117;lozap;C09DA01;DB00678;1264.0;C09DA01
116;116;lozap;C09CA01;DB00678;1264.0;C09CA01
893;893;vancomycin;J01XA01;DB00512;1260.0;J01XA01
922;922;cisordinol;N05AF05;DB01624;1259.0;N05AF05
1224;1224;aciclovir;D06BB03;DB00787;1254.0;D06BB03
1225;1225;aciclovir;J05AB01;DB00787;1254.0;J05AB01
237;237;herpesin;J05AB01;DB00787;1254.0;J05AB01
593;593;zovirax;D06BB03;DB00787;1254.0;D06BB03
592;592;zovirax;J05AB01;DB00787;1254.0;J05AB01
594;594;zovirax;D06BB53;DB00787;1254.0;D06BB53
238;238;herpesin;D06BB03;DB00787;1254.0;D06BB03
1568;1568;selegos;N04BD01;DB01037;1253.0;N04BD01
230;230;gentamicin;J01GB03;DB00798;1253.0;J01GB03
229;229;gentamicin;S01AA11;DB00798;1253.0;S01AA11
540;540;ospamox;J01CA04;DB01060;1251.0;J01CA04
283;283;duomox;J01CA04;DB01060;1251.0;J01CA04
273;273;dexamed;H02AB02;DB01234;1250.0;H02AB02
166;166;dexamethasone;H02AB02;DB01234;1250.0;H02AB02
66;66;fortecortin;H02AB02;DB01234;1250.0;H02AB02
707;707;maxitrol;S01CA01;DB01234;1250.0;S01CA01
804;804;tobradex;S01CA01;DB01234;1250.0;S01CA01
165;165;dexamethasone;S01BA01;DB01234;1250.0;S01BA01
997;997;prostaphlin;J01CF04;DB00713;1244.0;J01CF04
140;140;ampicilin;J01CA01;DB00415;1240.0;J01CA01
854;854;deprex;N06AB03;DB00472;1235.0;N06AB03
905;905;magrilan;N06AB03;DB00472;1235.0;N06AB03
1110;1110;erevit;A11HA03;DB11251;1233.0;A11HA03
1176;1176;multaq;C01BD07;DB04855;1231.0;C01BD07
1233;1233;risperdal;N05AX08;DB00734;1211.0;N05AX08
729;729;risperidon;N05AX08;DB00734;1211.0;N05AX08
1175;1175;medorisper;N05AX08;DB00734;1211.0;N05AX08
1470;1470;rispen;N05AX08;DB00734;1211.0;N05AX08
1428;1428;pirabene;N06BX03;DB09210;1210.0;N06BX03
791;791;geratam;N06BX03;DB09210;1210.0;N06BX03
1243;1243;ertapenem;J01DH03;DB00303;1208.0;J01DH03
582;582;urifos;J01XX01;DB00828;1207.0;J01XX01
1535;1535;archifar;J01DH02;DB00760;1206.0;J01DH02
775;775;meropenem;J01DH02;DB00760;1206.0;J01DH02
900;900;meronem;J01DH02;DB00760;1206.0;J01DH02
1476;1476;pyrazinamid;J04AK01;DB00339;1205.0;J04AK01
1186;1186;tamiflu;J05AH02;DB00198;1204.0;J05AH02
654;654;prothiaden;N06AA16;DB09167;1203.0;N06AA16
986;986;isoprinosine;J05AX05;DB13156;1202.0;J05AX05
813;813;amikacin;J01GB06;DB00479;1201.0;J01GB06
1203;1203;infectoscab;P03AC04;DB04930;1200.0;P03AC04
64;64;prohance;V08CA04;DB00597;1200.0;V08CA04
203;203;clariscan;V08CA02;DB09132;1200.0;V08CA02
334;334;dotarem;V08CA02;DB09132;1200.0;V08CA02
290;290;visipaque;V08AB09;DB01249;1198.0;V08AB09
531;531;ultravist;V08AB05;DB09156;1198.0;V08AB05
309;309;condrosulf;M01AX25;DB09301;1198.0;M01AX25
1290;1290;skinoren;D10AX03;DB00548;1197.0;D10AX03
153;153;kalnormin;A12BA01;DB00761;1193.0;A12BA01
548;548;kanavit;B02BA01;DB01022;1192.0;B02BA01
1096;1096;medocriptine;G02CB01;DB01200;1187.0;G02CB01
1497;1497;convulex;N03AG01;DB00313;1185.0;N03AG01
1149;1149;orfiril;N03AG01;DB00313;1185.0;N03AG01
572;572;depakine;N03AG01;DB00313;1185.0;N03AG01
1541;1541;loperamide;A07DA03;DB00836;1183.0;A07DA03
35;35;imodium;A07DA03;DB00836;1183.0;A07DA03
60;60;loperon;A07DA03;DB00836;1183.0;A07DA03
36;36;imodium;A07DA53;DB00836;1183.0;A07DA53
494;494;loperamid;A07DA03;DB00836;1183.0;A07DA03
134;134;panthenol;A11HA30;DB09357;1182.0;A11HA30
516;516;bepanthen;D03AX03;DB09357;1182.0;D03AX03
135;135;panthenol;D03AX03;DB09357;1182.0;D03AX03
1192;1192;plendil;C08CA02;DB01023;1164.0;C08CA02
605;605;triasyn;C09BB05;DB01023;1164.0;C09BB05
336;336;presid;C08CA02;DB01023;1164.0;C08CA02
1162;1162;tisercin;N05AA02;DB01403;1163.0;N05AA02
864;864;ceftriaxon;J01DD04;DB01212;1156.0;J01DD04
693;693;duracef;J01DB05;DB01140;1153.0;J01DB05
79;79;pyridoxin;A11HA02;DB00165;1151.0;A11HA02
1138;1138;buprenorfin;N02AE01;DB00921;1147.0;N02AE01
398;398;transtec;N02AE01;DB00921;1147.0;N02AE01
42;42;taxol;L01CD01;DB01229;1144.0;L01CD01
380;380;abraxane;L01CD01;DB01229;1144.0;L01CD01
15;15;paclitaxel;L01CD01;DB01229;1144.0;L01CD01
463;463;paroxetin;N06AB05;DB00715;1143.0;N06AB05
897;897;arketis;N06AB05;DB00715;1143.0;N06AB05
538;538;apo-parox;N06AB05;DB00715;1143.0;N06AB05
1215;1215;nizoral;D01AC08;DB01026;1143.0;D01AC08
1200;1200;remood;N06AB05;DB00715;1143.0;N06AB05
341;341;ceftazidim;J01DD02;DB00438;1140.0;J01DD02
130;130;azepo;J01DB04;DB01327;1134.0;J01DB04
479;479;vulmizolin;J01DB04;DB01327;1134.0;J01DB04
312;312;cefazolin;J01DB04;DB01327;1134.0;J01DB04
474;474;dostinex;G02CB03;DB00248;1128.0;G02CB03
863;863;sefotak;J01DD01;DB00493;1121.0;J01DD01
1071;1071;taximed;J01DD01;DB00493;1121.0;J01DD01
1375;1375;valtrex;J05AB11;DB00577;1120.0;J05AB11
1120;1120;valaciclovir;J05AB11;DB00577;1120.0;J05AB11
884;884;apo-cital;N06AB04;DB00215;1114.0;N06AB04
455;455;citalopram;N06AB04;DB00215;1114.0;N06AB04
144;144;citalec;N06AB04;DB00215;1114.0;N06AB04
647;647;seropram;N06AB04;DB00215;1114.0;N06AB04
5;5;tamoxifen;L02BA01;DB00675;1107.0;L02BA01
213;213;mirtazapin;N06AX11;DB00370;1100.0;N06AX11
231;231;mirzaten;N06AX11;DB00370;1100.0;N06AX11
1043;1043;esprital;N06AX11;DB00370;1100.0;N06AX11
901;901;acefa;J01DD12;DB01329;1095.0;J01DD12
185;185;cefuroxim;J01DC02;DB01112;1091.0;J01DC02
875;875;medoxin;J01DC02;DB01112;1091.0;J01DC02
497;497;axetine;J01DC02;DB01112;1091.0;J01DC02
205;205;zinnat;J01DC02;DB01112;1091.0;J01DC02
1311;1311;ricefan;J01DC02;DB01112;1091.0;J01DC02
100;100;xorimax;J01DC02;DB01112;1091.0;J01DC02
1417;1417;zinacef;J01DC02;DB01112;1091.0;J01DC02
1463;1463;escirdec;N06AB10;DB01175;1087.0;N06AB10
379;379;escitalopram;N06AB10;DB01175;1087.0;N06AB10
1189;1189;prolekofen;C01BC03;DB01182;1087.0;C01BC03
198;198;cipralex;N06AB10;DB01175;1087.0;N06AB10
364;364;propanorm;C01BC03;DB01182;1087.0;C01BC03
894;894;esoprex;N06AB10;DB01175;1087.0;N06AB10
793;793;miraklide;N06AB10;DB01175;1087.0;N06AB10
888;888;escitil;N06AB10;DB01175;1087.0;N06AB10
122;122;elicea;N06AB10;DB01175;1087.0;N06AB10
1087;1087;depresinal;N06AB10;DB01175;1087.0;N06AB10
155;155;itakem;N06AB10;DB01175;1087.0;N06AB10
1405;1405;anxila;N06AB10;DB01175;1087.0;N06AB10
295;295;rytmonorm;C01BC03;DB01182;1087.0;C01BC03
1322;1322;estan;N06AB10;DB01175;1087.0;N06AB10
1102;1102;kamiren;C02CA04;DB00590;1082.0;C02CA04
689;689;zoxon;C02CA04;DB00590;1082.0;C02CA04
634;634;cefzil;J01DC10;DB01150;1080.0;J01DC10
1416;1416;aurorix;N06AG02;DB01171;1079.0;N06AG02
1424;1424;fluanxol;N05AF01;DB00875;1075.0;N05AF01
579;579;nitrendipin;C08CA08;DB01054;1074.0;C08CA08
680;680;nitresan;C08CA08;DB01054;1074.0;C08CA08
243;243;lusopress;C08CA08;DB01054;1074.0;C08CA08
1440;1440;lerpin;C08CA13;DB00528;1070.0;C08CA13
206;206;kapidin;C08CA13;DB00528;1070.0;C08CA13
920;920;fullhale;R03AK06;DB00938;1057.0;R03AK06
721;721;airflusan;R03AK06;DB00938;1057.0;R03AK06
1127;1127;serkep;R03AK06;DB00938;1057.0;R03AK06
861;861;zineryt;D10AF52;DB00199;1051.0;D10AF52
940;940;aknemycin;D10AF02;DB00199;1051.0;D10AF02
1059;1059;apixaban;B01AF02;DB06605;1042.0;B01AF02
244;244;eliquis;B01AF02;DB06605;1042.0;B01AF02
595;595;triamcinolon;D07AB09;DB00620;1040.0;D07AB09
1492;1492;trispan;H02AB08;DB00620;1040.0;H02AB08
597;597;triamcinolon;D07BB03;DB00620;1040.0;D07BB03
596;596;triamcinolon;D07XB02;DB00620;1040.0;D07XB02
1547;1547;celiprolol;C07AB08;DB04846;1039.0;C07AB08
842;842;tenoloc;C07AB08;DB04846;1039.0;C07AB08
1353;1353;prokanazol;J02AC02;DB01167;1038.0;J02AC02
306;306;sporanox;J02AC02;DB01167;1038.0;J02AC02
794;794;lindynette;G03AA10;DB00977;1035.0;G03AA10
1327;1327;nyssiela;G03AA12;DB00977;1035.0;G03AA12
825;825;rovasyn;C10AA07;DB01098;1035.0;C10AA07
800;800;belara;G03AA15;DB00977;1035.0;G03AA15
453;453;mertenil;C10AA07;DB01098;1035.0;C10AA07
1324;1324;luisea;G03AA12;DB00977;1035.0;G03AA12
768;768;yaz;G03AA12;DB00977;1035.0;G03AA12
1213;1213;corvapro;C10AA07;DB01098;1035.0;C10AA07
852;852;folinar;G04BD08;DB01591;1035.0;G04BD08
1308;1308;regisha;G03AA09;DB00977;1035.0;G03AA09
310;310;vesicare;G04BD08;DB01591;1035.0;G04BD08
460;460;solixa;G04BD08;DB01591;1035.0;G04BD08
909;909;zenon;C10BA06;DB01098;1035.0;C10BA06
1160;1160;vonille;G03AA10;DB00977;1035.0;G03AA10
871;871;marvelon;G03AA09;DB00977;1035.0;G03AA09
1039;1039;delipid;C10BA06;DB01098;1035.0;C10BA06
1038;1038;delipid;C10AA07;DB01098;1035.0;C10AA07
1379;1379;minulet;G03AA10;DB00977;1035.0;G03AA10
1067;1067;sunya;G03AA10;DB00977;1035.0;G03AA10
1383;1383;stodette;G03AA10;DB00977;1035.0;G03AA10
1077;1077;asumate;G03AA07;DB00977;1035.0;G03AA07
1080;1080;mistra;G03AA16;DB00977;1035.0;G03AA16
1361;1361;emona;G03AA12;DB00977;1035.0;G03AA12
1085;1085;mywy;G03AA12;DB00977;1035.0;G03AA12
992;992;minesse;G03AA10;DB00977;1035.0;G03AA10
1098;1098;softine;G03AA12;DB00977;1035.0;G03AA12
1099;1099;triquilar;G03AB03;DB00977;1035.0;G03AB03
969;969;zahron;C10BX09;DB01098;1035.0;C10BX09
968;968;zahron;C10AA07;DB01098;1035.0;C10AA07
1351;1351;femoden;G03AA10;DB00977;1035.0;G03AA10
1112;1112;yadine;G03AA12;DB00977;1035.0;G03AA12
1122;1122;jangee;G03AA12;DB00977;1035.0;G03AA12
1124;1124;daylette;G03AA12;DB00977;1035.0;G03AA12
1344;1344;microgynon;G03AA07;DB00977;1035.0;G03AA07
759;759;logest;G03AA10;DB00977;1035.0;G03AA10
903;903;zabcare;G04BD08;DB01591;1035.0;G04BD08
1139;1139;evra;G03AA13;DB00977;1035.0;G03AA13
899;899;roxilip;C10AA07;DB01098;1035.0;C10AA07
1141;1141;nelya;G03AA10;DB00977;1035.0;G03AA10
1341;1341;violetta;G03AA10;DB00977;1035.0;G03AA10
1156;1156;axia;G03AA12;DB00977;1035.0;G03AA12
873;873;katya;G03AA10;DB00977;1035.0;G03AA10
760;760;mercilon;G03AA09;DB00977;1035.0;G03AA09
1284;1284;rhonya;G03AA12;DB00977;1035.0;G03AA12
233;233;sorvasta;C10BA06;DB01098;1035.0;C10BA06
1298;1298;velmari;G03AA12;DB00977;1035.0;G03AA12
1275;1275;yasminelle;G03AA12;DB00977;1035.0;G03AA12
1269;1269;bonadea;G03AA16;DB00977;1035.0;G03AA16
1278;1278;softinelle;G03AA12;DB00977;1035.0;G03AA12
1266;1266;natalya;G03AA09;DB00977;1035.0;G03AA09
67;67;rosucard;C10AA07;DB01098;1035.0;C10AA07
316;316;rosumop;C10BA06;DB01098;1035.0;C10BA06
441;441;solifenacin;G04BD08;DB01591;1035.0;G04BD08
1259;1259;flaya;G03AA15;DB00977;1035.0;G03AA15
315;315;rosumop;C10AA07;DB01098;1035.0;C10AA07
1245;1245;urizia;G04CA53;DB01591;1035.0;G04CA53
232;232;sorvasta;C10AA07;DB01098;1035.0;C10AA07
618;618;mirelle;G03AA10;DB00977;1035.0;G03AA10
1272;1272;dienille;G03AA16;DB00977;1035.0;G03AA16
339;339;rosuvastatin;C10AA07;DB01098;1035.0;C10AA07
549;549;enap;C09AA02;DB00584;1034.0;C09AA02
1575;1575;jentadueto;A10BD11;DB08882;1034.0;A10BD11
1457;1457;enapril;C09AA02;DB00584;1034.0;C09AA02
508;508;trajenta;A10BH05;DB08882;1034.0;A10BH05
762;762;enalapril;C09AA02;DB00584;1034.0;C09AA02
750;750;linagliptin;A10BH05;DB08882;1034.0;A10BH05
259;259;telmisartan;C09CA07;DB00966;1032.0;C09CA07
1049;1049;telassmo;C09DB04;DB00966;1032.0;C09DB04
499;499;tezefort;C09DB04;DB00966;1032.0;C09DB04
325;325;tolura;C09CA07;DB00966;1032.0;C09CA07
414;414;twynsta;C09DB04;DB00966;1032.0;C09DB04
907;907;micardisplus;C09DA07;DB00966;1032.0;C09DA07
314;314;micardis;C09CA07;DB00966;1032.0;C09CA07
76;76;tezeo;C09CA07;DB00966;1032.0;C09CA07
528;528;tolucombi;C09DA07;DB00966;1032.0;C09DA07
77;77;tezeo;C09DA07;DB00966;1032.0;C09DA07
1349;1349;rxulti;N05AX16;DB09128;1031.0;N05AX16
299;299;beloderm;D07AC01;DB00443;1031.0;D07AC01
687;687;belosalic;D07XC01;DB00443;1031.0;D07XC01
354;354;belogent;D07CC01;DB00443;1031.0;D07CC01
464;464;fucicort;D07CC01;DB00443;1031.0;D07CC01
1581;1581;diprosone;D07AC01;DB00443;1031.0;D07AC01
860;860;utrogestan;G03DA04;DB00396;1028.0;G03DA04
764;764;agolutin;G03DA04;DB00396;1028.0;G03DA04
1389;1389;gynprodyl;G03DA04;DB00396;1028.0;G03DA04
650;650;atropin;A03BA01;DB00572;1027.0;A03BA01
236;236;tensiomin;C09AA01;DB01197;1025.0;C09AA01
362;362;fucidin;D06AX01;DB02703;1022.0;D06AX01
1114;1114;stugeron;N07CA02;DB00568;1022.0;N07CA02
786;786;ifirmacombi;C09DA04;DB01029;1020.0;C09DA04
630;630;irbesartan;C09CA04;DB01029;1020.0;C09CA04
507;507;ifirmasta;C09CA04;DB01029;1020.0;C09CA04
1060;1060;isame;C09CA04;DB01029;1020.0;C09CA04
629;629;irbesartan;C09DA04;DB01029;1020.0;C09DA04
208;208;sevredol;N02AA01;DB00295;1015.0;N02AA01
98;98;novetron;A04AA01;DB00904;1009.0;A04AA01
118;118;zofran;A04AA01;DB00904;1009.0;A04AA01
14;14;ondansetron;A04AA01;DB00904;1009.0;A04AA01
359;359;linezolid;J01XX08;DB00601;1007.0;J01XX08
926;926;inegy;C10BA02;DB00641;1005.0;C10BA02
1478;1478;vasilip;C10AA01;DB00641;1005.0;C10AA01
326;326;simvastatin;C10AA01;DB00641;1005.0;C10AA01
1027;1027;cholib;C10BA04;DB00641;1005.0;C10BA04
187;187;sirdalud;M03BX02;DB00697;1002.0;M03BX02
265;265;symbicort;R03AK07;DB00983;996.0;R03AK07
967;967;formovent;R03AC13;DB00983;996.0;R03AC13
1182;1182;formoterol;R03AC13;DB00983;996.0;R03AC13
1134;1134;brimica;R03AL05;DB00983;996.0;R03AL05
1204;1204;trimbow;R03AL09;DB00983;996.0;R03AL09
1181;1181;foradil;R03AC13;DB00983;996.0;R03AC13
691;691;atimos;R03AC13;DB00983;996.0;R03AC13
1559;1559;duaklir;R03AL05;DB00983;996.0;R03AL05
451;451;flutiform;R03AK11;DB00983;996.0;R03AK11
673;673;formano;R03AC13;DB00983;996.0;R03AC13
293;293;combair;R03AK08;DB00983;996.0;R03AK08
1056;1056;aricept;N06DA02;DB00843;993.0;N06DA02
1556;1556;promemore;N06DA02;DB00843;993.0;N06DA02
1529;1529;yasnal;N06DA02;DB00843;993.0;N06DA02
1256;1256;donepezil;N06DA02;DB00843;993.0;N06DA02
1469;1469;stimuloton;N06AB06;DB01104;992.0;N06AB06
730;730;sertivan;N06AB06;DB01104;992.0;N06AB06
686;686;sertraline;N06AB06;DB01104;992.0;N06AB06
218;218;sertralin;N06AB06;DB01104;992.0;N06AB06
1460;1460;setaloft;N06AB06;DB01104;992.0;N06AB06
266;266;asentra;N06AB06;DB01104;992.0;N06AB06
154;154;zoloft;N06AB06;DB01104;992.0;N06AB06
1174;1174;lerivon;N06AX03;DB06148;987.0;N06AX03
1051;1051;uroxal;G04BD04;DB01062;984.0;G04BD04
1450;1450;allergodil;R01AC03;DB00972;980.0;R01AC03
1451;1451;allergodil;S01GX07;DB00972;980.0;S01GX07
1330;1330;trelema;N03AX18;DB06218;979.0;N03AX18
1421;1421;lacosamide;N03AX18;DB06218;979.0;N03AX18
1332;1332;vimpat;N03AX18;DB06218;979.0;N03AX18
946;946;endoxan;L01AA01;DB00531;975.0;L01AA01
1437;1437;vinblastin;L01CA01;DB00570;969.0;L01CA01
506;506;valzap;C09CA03;DB00177;968.0;C09CA03
1247;1247;entresto;C09DX04;DB00177;968.0;C09DX04
304;304;valsacor;C09CA03;DB00177;968.0;C09CA03
661;661;relpax;N02CC06;DB00216;968.0;N02CC06
505;505;valzap;C09DA03;DB00177;968.0;C09DA03
1198;1198;blessin;C09DA03;DB00177;968.0;C09DA03
1199;1199;blessin;C09CA03;DB00177;968.0;C09CA03
347;347;valsacombi;C09DA03;DB00177;968.0;C09DA03
401;401;nebivolol;C07AB12;DB04861;959.0;C07AB12
157;157;nebilet;C07BB12;DB04861;959.0;C07BB12
156;156;nebilet;C07AB12;DB04861;959.0;C07AB12
1464;1464;nolibeta;C07AB12;DB04861;959.0;C07AB12
163;163;lokren;C07AB05;DB00195;958.0;C07AB05
609;609;betaxolol;C07AB05;DB00195;958.0;C07AB05
344;344;betamed;C07AB05;DB00195;958.0;C07AB05
1163;1163;betoptic;S01ED02;DB00195;958.0;S01ED02
1348;1348;5-fluorouracil;L01BC02;DB00544;956.0;L01BC02
447;447;fluorouracil;L01BC02;DB00544;956.0;L01BC02
1251;1251;brilique;B01AC24;DB08816;954.0;B01AC24
1237;1237;tenoretic;C07BB03;DB00335;946.0;C07BB03
411;411;tenormin;C07AB03;DB00335;946.0;C07AB03
1001;1001;atenobene;C07AB03;DB00335;946.0;C07AB03
1520;1520;esmocard;C07AB09;DB00187;946.0;C07AB09
631;631;sotahexal;C07AA07;DB00489;943.0;C07AA07
1496;1496;clarithromycin;J01FA09;DB01211;942.0;J01FA09
160;160;klacid;J01FA09;DB01211;942.0;J01FA09
515;515;fromilid;J01FA09;DB01211;942.0;J01FA09
1187;1187;benemicin;J04AB02;DB01045;935.0;J04AB02
1108;1108;fycompa;N03AX22;DB08883;929.0;N03AX22
24;24;doxorubicin;L01DB01;DB00997;924.0;L01DB01
83;83;zolpidem;N05CF02;DB00425;911.0;N05CF02
402;402;hypnogen;N05CF02;DB00425;911.0;N05CF02
1076;1076;adorma;N05CF02;DB00425;911.0;N05CF02
107;107;stilnox;N05CF02;DB00425;911.0;N05CF02
457;457;zolpinox;N05CF02;DB00425;911.0;N05CF02
529;529;sanval;N05CF02;DB00425;911.0;N05CF02
1495;1495;zolsana;N05CF02;DB00425;911.0;N05CF02
1452;1452;neupro;N04BC09;DB05271;910.0;N04BC09
771;771;etoposid;L01CB01;DB00773;910.0;L01CB01
294;294;combair;R03AK08;DB00394;908.0;R03AK08
1208;1208;beclomet;R01AD01;DB00394;908.0;R01AD01
633;633;ecobec;R03BA01;DB00394;908.0;R03BA01
1207;1207;beclomet;R03BA01;DB00394;908.0;R03BA01
1205;1205;trimbow;R03AL09;DB00394;908.0;R03AL09
1410;1410;reagila;N05AX15;DB06016;905.0;N05AX15
278;278;sufentanil;N01AH03;DB00708;903.0;N01AH03
812;812;sufenta;N01AH03;DB00708;903.0;N01AH03
1479;1479;emerade;C01CA24;DB00668;897.0;C01CA24
1148;1148;epipen;C01CA24;DB00668;897.0;C01CA24
697;697;adrenalin;C01CA24;DB00668;897.0;C01CA24
1252;1252;ultibro;R03AL04;DB05039;890.0;R03AL04
1555;1555;onbrez;R03AC18;DB05039;890.0;R03AC18
397;397;targin;N02AA55;DB00497;889.0;N02AA55
1281;1281;oxycodon/naloxon;N02AA55;DB00497;889.0;N02AA55
698;698;oxycontin;N02AA05;DB00497;889.0;N02AA05
778;778;oxykodon;N02AA05;DB00497;889.0;N02AA05
841;841;lacipil;C08CA09;DB09236;889.0;C08CA09
1301;1301;procto-glyvenol;C05AD01;DB00281;887.0;C05AD01
1377;1377;versatis;N01BB02;DB00281;887.0;N01BB02
939;939;aknemycin;D10AD51;DB00755;880.0;D10AD51
1095;1095;lamisil;D01AE15;DB00857;879.0;D01AE15
1094;1094;lamisil;D01BA02;DB00857;879.0;D01BA02
1432;1432;terbinafin;D01BA02;DB00857;879.0;D01BA02
1433;1433;terbinafin;D01AE15;DB00857;879.0;D01AE15
345;345;sectral;C07AB04;DB01193;878.0;C07AB04
818;818;acecor;C07AB04;DB01193;878.0;C07AB04
1467;1467;acebutolol;C07AB04;DB01193;878.0;C07AB04
477;477;avamys;R01AD12;DB08906;875.0;R01AD12
821;821;gyrablock;J01MA06;DB01059;874.0;J01MA06
823;823;nolicin;J01MA06;DB01059;874.0;J01MA06
394;394;plaquenil;P01BA02;DB01611;866.0;P01BA02
908;908;atarax;N05BB01;DB00557;865.0;N05BB01
585;585;ofloxin;J01MA01;DB01165;855.0;J01MA01
1489;1489;leflunomide;L04AA13;DB01097;854.0;L04AA13
1136;1136;leflugen;L04AA13;DB01097;854.0;L04AA13
1356;1356;leflunopharm;L04AA13;DB01097;854.0;L04AA13
989;989;leflunomid;L04AA13;DB01097;854.0;L04AA13
1219;1219;arava;L04AA13;DB01097;854.0;L04AA13
109;109;docetaxel;L01CD02;DB01248;853.0;L01CD02
600;600;taxotere;L01CD02;DB01248;853.0;L01CD02
1530;1530;plavix;B01AC04;DB00758;853.0;B01AC04
253;253;trombex;B01AC04;DB00758;853.0;B01AC04
1053;1053;zyllt;B01AC04;DB00758;853.0;B01AC04
737;737;clopidogrel;B01AC04;DB00758;853.0;B01AC04
744;744;loseprazol;A02BC01;DB00338;849.0;A02BC01
48;48;ortanol;A02BC01;DB00338;849.0;A02BC01
1516;1516;ultop;A02BC01;DB00338;849.0;A02BC01
58;58;omeprazol;A02BC01;DB00338;849.0;A02BC01
50;50;helicid;A02BC01;DB00338;849.0;A02BC01
941;941;humira;L04AB04;DB00051;846.0;L04AB04
404;404;alvesco;R03BA08;DB01410;844.0;R03BA08
85;85;hydrocortison;D07AA02;DB00741;843.0;D07AA02
86;86;hydrocortison;H02AB09;DB00741;843.0;H02AB09
620;620;pimafucort;D07CA01;DB00741;843.0;D07CA01
361;361;fucidin;D07CA01;DB00741;843.0;D07CA01
1532;1532;ophthalmo-hydrocortison;S01BA02;DB00741;843.0;S01BA02
1342;1342;zolmitriptan;N02CC03;DB00315;838.0;N02CC03
1393;1393;zopitin;N05CF01;DB01198;837.0;N05CF01
987;987;nasofan;R01AD08;DB13867;826.0;R01AD08
1128;1128;serkep;R03AK06;DB13867;826.0;R03AK06
722;722;airflusan;R03AK06;DB13867;826.0;R03AK06
921;921;fullhale;R03AK06;DB13867;826.0;R03AK06
452;452;flutiform;R03AK11;DB13867;826.0;R03AK11
961;961;dymistin;R01AD58;DB13867;826.0;R01AD58
1426;1426;thromboreductin;L01XX35;DB00261;823.0;L01XX35
1307;1307;anagrelid;L01XX35;DB00261;823.0;L01XX35
636;636;nasonex;R01AD09;DB14512;818.0;R01AD09
388;388;mommox;R01AD09;DB14512;818.0;R01AD09
365;365;elocom;D07AC13;DB14512;818.0;D07AC13
731;731;chlorprothixen;N05AF03;DB01239;815.0;N05AF03
524;524;ultracod;N02AJ06;DB00318;813.0;N02AJ06
849;849;talvosilen;N02AJ06;DB00318;813.0;N02AJ06
189;189;codein;R05DA04;DB00318;813.0;R05DA04
779;779;kodein;R05DA04;DB00318;813.0;R05DA04
709;709;korylan;N02AJ06;DB00318;813.0;N02AJ06
495;495;navelbine;L01CA04;DB00361;805.0;L01CA04
725;725;vinorelbine;L01CA04;DB00361;805.0;L01CA04
80;80;agen;C08CA01;DB00381;804.0;C08CA01
777;777;bigital;C07FB07;DB00381;804.0;C07FB07
324;324;perindopril;C09BB04;DB00381;804.0;C09BB04
112;112;piramil;C09BB07;DB00381;804.0;C09BB07
784;784;caduet;C10BX03;DB00381;804.0;C10BX03
1158;1158;ramizek;C09BB07;DB00381;804.0;C09BB07
970;970;zahron;C10BX09;DB00381;804.0;C10BX09
624;624;lopridam;C09BX01;DB00381;804.0;C09BX01
439;439;egiramlon;C09BB07;DB00381;804.0;C09BB07
646;646;sobycor;C07FB07;DB00381;804.0;C07FB07
604;604;caramlo;C09DB07;DB00381;804.0;C09DB07
500;500;tezefort;C09DB04;DB00381;804.0;C09DB04
1167;1167;amlator;C10BX03;DB00381;804.0;C10BX03
177;177;prestance;C09BB04;DB00381;804.0;C09BB04
221;221;triplixam;C09BX01;DB00381;804.0;C09BX01
254;254;orcal;C08CA01;DB00381;804.0;C08CA01
603;603;amlozek;C08CA01;DB00381;804.0;C08CA01
656;656;ramil;C09BB07;DB00381;804.0;C09BB07
1050;1050;telassmo;C09DB04;DB00381;804.0;C09DB04
183;183;tritace;C09BB07;DB00381;804.0;C09BB07
981;981;vidonorm;C09BB04;DB00381;804.0;C09BB04
121;121;concor;C07FB07;DB00381;804.0;C07FB07
837;837;amesos;C09BB03;DB00381;804.0;C09BB03
415;415;twynsta;C09DB04;DB00381;804.0;C09DB04
1454;1454;afiten;C08CA01;DB00381;804.0;C08CA01
544;544;tonarssa;C09BB04;DB00381;804.0;C09BB04
822;822;cardilopin;C08CA01;DB00381;804.0;C08CA01
338;338;zorem;C08CA01;DB00381;804.0;C08CA01
1584;1584;amlodipine;C08CA01;DB00381;804.0;C08CA01
736;736;priamlo;C09BB04;DB00381;804.0;C09BB04
705;705;hipres;C08CA01;DB00381;804.0;C08CA01
271;271;amlodipin;C08CA01;DB00381;804.0;C08CA01
471;471;tonanda;C09BX01;DB00381;804.0;C09BX01
1007;1007;candezek;C09DB07;DB00381;804.0;C09DB07
444;444;amloratio;C08CA01;DB00381;804.0;C08CA01
747;747;lipertance;C10BX11;DB00381;804.0;C10BX11
590;590;bupivacaine;N01BB01;DB00297;800.0;N01BB01
562;562;marcaine;N01BB01;DB00297;800.0;N01BB01
792;792;emselex;G04BD10;DB00496;800.0;G04BD10
706;706;třezalka;N06AX25;DB01323;795.0;N06AX25
1074;1074;peritol;R06AX02;DB00434;793.0;R06AX02
690;690;gerousia;M05BA06;DB00710;785.0;M05BA06
1579;1579;bondronat;M05BA06;DB00710;785.0;M05BA06
1512;1512;licobondrat;M05BA06;DB00710;785.0;M05BA06
740;740;accuzide;C09BA06;DB00881;785.0;C09BA06
726;726;ibandronát;M05BA06;DB00710;785.0;M05BA06
846;846;ikametin;M05BA06;DB00710;785.0;M05BA06
472;472;bonviva;M05BA06;DB00710;785.0;M05BA06
1561;1561;osagrand;M05BA06;DB00710;785.0;M05BA06
929;929;accupro;C09AA06;DB00881;785.0;C09AA06
1217;1217;iasibon;M05BA06;DB00710;785.0;M05BA06
1329;1329;mivacron;M03AC10;DB01226;784.0;M03AC10
1429;1429;stacapolo;N04BA03;DB01235;780.0;N04BA03
1033;1033;madopar;N04BA02;DB01235;780.0;N04BA02
704;704;nakom;N04BA02;DB01235;780.0;N04BA02
1431;1431;stalevo;N04BA03;DB01235;780.0;N04BA03
1473;1473;isicom;N04BA02;DB01235;780.0;N04BA02
1045;1045;dogmatil;N05AL01;DB00391;778.0;N05AL01
522;522;prosulpin;N05AL01;DB00391;778.0;N05AL01
1515;1515;sulpirol;N05AL01;DB00391;778.0;N05AL01
330;330;lanzul;A02BC03;DB00448;777.0;A02BC03
874;874;lanxib;A02BC03;DB00448;777.0;A02BC03
300;300;amaryl;A10BB12;DB00222;763.0;A10BB12
319;319;glimepirid;A10BB12;DB00222;763.0;A10BB12
576;576;oltar;A10BB12;DB00222;763.0;A10BB12
1502;1502;enbrel;L04AB01;DB00005;763.0;L04AB01
878;878;rozex;D06BX01;DB00916;755.0;D06BX01
340;340;metronidazol;J01XD01;DB00916;755.0;J01XD01
751;751;efloran;J01XD01;DB00916;755.0;J01XD01
432;432;entizol;G01AF01;DB00916;755.0;G01AF01
431;431;entizol;P01AB01;DB00916;755.0;P01AB01
514;514;metronidazole;J01XD01;DB00916;755.0;J01XD01
170;170;sortis;C10AA05;DB01076;749.0;C10AA05
318;318;tulip;C10AA05;DB01076;749.0;C10AA05
748;748;lipertance;C10BX11;DB01076;749.0;C10BX11
114;114;atoris;C10AA05;DB01076;749.0;C10AA05
1503;1503;atraven;C10AA05;DB01076;749.0;C10AA05
703;703;amedo;C10AA05;DB01076;749.0;C10AA05
88;88;atorvastatin;C10AA05;DB01076;749.0;C10AA05
785;785;caduet;C10BX03;DB01076;749.0;C10BX03
1458;1458;zetovar;C10BA05;DB01076;749.0;C10BA05
422;422;torvazin;C10AA05;DB01076;749.0;C10AA05
1036;1036;zoletorv;C10BA05;DB01076;749.0;C10BA05
75;75;torvacard;C10AA05;DB01076;749.0;C10AA05
1168;1168;amlator;C10BX03;DB01076;749.0;C10BX03
1288;1288;alpicort;D07XA02;DB00860;739.0;D07XA02
483;483;imacort;D07BA01;DB00860;739.0;D07BA01
1276;1276;exjade;V03AC03;DB01609;739.0;V03AC03
280;280;medrol;H02AB04;DB00959;736.0;H02AB04
1129;1129;depo-medrol;H02AB04;DB00959;736.0;H02AB04
465;465;solu-medrol;H02AB04;DB00959;736.0;H02AB04
573;573;metypred;H02AB04;DB00959;736.0;H02AB04
807;807;desloratadine;R06AX27;DB00967;734.0;R06AX27
525;525;dasselta;R06AX27;DB00967;734.0;R06AX27
1392;1392;jovesto;R06AX27;DB00967;734.0;R06AX27
363;363;desloratadin;R06AX27;DB00967;734.0;R06AX27
226;226;aerius;R06AX27;DB00967;734.0;R06AX27
1580;1580;oxaliplatin;L01XA03;DB00526;728.0;L01XA03
498;498;oxaliplatina;L01XA03;DB00526;728.0;L01XA03
809;809;antabus;N07BB01;DB00822;705.0;N07BB01
272;272;gliklazid;A10BB09;DB01120;704.0;A10BB09
275;275;glyclada;A10BB09;DB01120;704.0;A10BB09
510;510;gliclazid;A10BB09;DB01120;704.0;A10BB09
1358;1358;mysimba;A08AA62;DB00704;703.0;A08AA62
923;923;repaglinid;A10BX02;DB00912;698.0;A10BX02
1202;1202;dibetix;A10BX02;DB00912;698.0;A10BX02
1193;1193;repaglinide;A10BX02;DB00912;698.0;A10BX02
1012;1012;enyglid;A10BX02;DB00912;698.0;A10BX02
1316;1316;zilbea;N06AX22;DB06594;695.0;N06AX22
805;805;valdoxan;N06AX22;DB06594;695.0;N06AX22
1185;1185;agomelatin;N06AX22;DB06594;695.0;N06AX22
372;372;tarka;C09BB10;DB00519;695.0;C09BB10
442;442;gopten;C09AA10;DB00519;695.0;C09AA10
1400;1400;agomelatine;N06AX22;DB06594;695.0;N06AX22
1331;1331;eslibon;N03AF04;DB14575;693.0;N03AF04
753;753;inhibace;C09BA08;DB01340;692.0;C09BA08
752;752;inhibace;C09AA08;DB01340;692.0;C09AA08
1241;1241;cazaprol;C09AA08;DB01340;692.0;C09AA08
446;446;granegis;A04AA02;DB00889;689.0;A04AA02
356;356;granisetron;A04AA02;DB00889;689.0;A04AA02
378;378;spasmed;G04BD09;DB00209;687.0;G04BD09
678;678;akineton;N04AA02;DB00810;687.0;N04AA02
664;664;tamalis;R06AX28;DB11614;686.0;R06AX28
301;301;amprilan;C09AA05;DB00178;685.0;C09AA05
249;249;ramipril;C09BA05;DB00178;685.0;C09BA05
1484;1484;medoram;C09BA05;DB00178;685.0;C09BA05
113;113;piramil;C09BB07;DB00178;685.0;C09BB07
302;302;amprilan;C09BA05;DB00178;685.0;C09BA05
655;655;ramil;C09AA05;DB00178;685.0;C09AA05
1485;1485;medoram;C09AA05;DB00178;685.0;C09AA05
184;184;tritace;C09BB07;DB00178;685.0;C09BB07
999;999;acesial;C09AA05;DB00178;685.0;C09AA05
606;606;triasyn;C09BB05;DB00178;685.0;C09BB05
440;440;egiramlon;C09BB07;DB00178;685.0;C09BB07
1527;1527;tritazide;C09BA05;DB00178;685.0;C09BA05
657;657;ramil;C09BB07;DB00178;685.0;C09BB07
182;182;tritace;C09AA05;DB00178;685.0;C09AA05
248;248;ramipril;C09AA05;DB00178;685.0;C09AA05
111;111;piramil;C09AA05;DB00178;685.0;C09AA05
1159;1159;ramizek;C09BB07;DB00178;685.0;C09BB07
1557;1557;rolpryna;N04BC04;DB00268;683.0;N04BC04
200;200;emend;A04AD12;DB00673;681.0;A04AD12
225;225;aprepitant;A04AD12;DB00673;681.0;A04AD12
820;820;melatonin;N05CH01;DB01065;677.0;N05CH01
755;755;norethisteron;G03DC02;DB00717;676.0;G03DC02
1147;1147;novofem;G03FB05;DB00717;676.0;G03FB05
833;833;gynovel;G03FA01;DB00717;676.0;G03FA01
1006;1006;kliogest;G03FA01;DB00717;676.0;G03FA01
424;424;activelle;G03FA01;DB00717;676.0;G03FA01
1445;1445;trisequens;G03FB05;DB00717;676.0;G03FB05
1370;1370;amisulprid;N05AL05;DB06288;672.0;N05AL05
1172;1172;deniban;N05AL05;DB06288;672.0;N05AL05
1443;1443;aktiprol;N05AL05;DB06288;672.0;N05AL05
1177;1177;ephedrin;C01CA26;DB01364;671.0;C01CA26
530;530;glurenorm;A10BB08;DB01251;670.0;A10BB08
1339;1339;vibrocil;R01AB01;DB00388;668.0;R01AB01
476;476;noradrenalin;C01CA03;DB00368;668.0;C01CA03
191;191;syntophyllin;R03DA05;DB01223;667.0;R03DA05
381;381;sumamed;J01FA10;DB00207;665.0;J01FA10
430;430;azitromycin;J01FA10;DB00207;665.0;J01FA10
1320;1320;azitrox;J01FA10;DB00207;665.0;J01FA10
216;216;berodual;R03AL01;DB01288;662.0;R03AL01
194;194;heparin;B01AB01;DB01109;655.0;B01AB01
1367;1367;aubagio;L04AA31;DB08880;655.0;L04AA31
286;286;lioton;C05BA03;DB01109;655.0;C05BA03
1161;1161;afluditen;N05AB02;DB00623;652.0;N05AB02
617;617;diane;G03HB01;DB04839;651.0;G03HB01
1270;1270;androcur;G03HA01;DB04839;651.0;G03HA01
796;796;minerva;G03HB01;DB04839;651.0;G03HB01
1069;1069;olynth;R01AA07;DB06694;647.0;R01AA07
1304;1304;otrivin;R01AA07;DB06694;647.0;R01AA07
1305;1305;otrivin;R01AB06;DB06694;647.0;R01AB06
1068;1068;olynth;R01AB06;DB06694;647.0;R01AB06
761;761;mercilon;G03AA09;DB00304;629.0;G03AA09
1309;1309;regisha;G03AA09;DB00304;629.0;G03AA09
1362;1362;torri;G03AC09;DB00304;629.0;G03AC09
1267;1267;natalya;G03AA09;DB00304;629.0;G03AA09
872;872;marvelon;G03AA09;DB00304;629.0;G03AA09
886;886;azalia;G03AC09;DB00304;629.0;G03AC09
421;421;singulair;R03DC03;DB00471;622.0;R03DC03
896;896;monkasta;R03DC03;DB00471;622.0;R03DC03
542;542;castispir;R03DC03;DB00471;622.0;R03DC03
898;898;montelar;R03DC03;DB00471;622.0;R03DC03
763;763;montelukast;R03DC03;DB00471;622.0;R03DC03
419;419;zibor;B01AB12;DB09258;621.0;B01AB12
998;998;chloramphenicol;J01BA01;DB00446;621.0;J01BA01
1;1;fraxiparine;B01AB06;DB08813;621.0;B01AB06
138;138;clexane;B01AB05;DB01225;621.0;B01AB05
556;556;fenistil;R06AB03;DB08801;607.0;R06AB03
555;555;fenistil;D04AA13;DB08801;607.0;D04AA13
458;458;famosan;A02BA03;DB00927;596.0;A02BA03
1573;1573;quamatel;A02BA03;DB00927;596.0;A02BA03
712;712;orgametril;G03DC03;DB12474;595.0;G03DC03
1402;1402;kemadrin;N04AA04;DB00387;594.0;N04AA04
1253;1253;ultibro;R03AL04;DB00986;594.0;R03AL04
858;858;seebri;R03BB06;DB00986;594.0;R03BB06
1206;1206;trimbow;R03AL09;DB00986;594.0;R03AL09
410;410;buscopan;A03BB01;DB09300;593.0;A03BB01
1494;1494;finpros;G04CB01;DB01216;592.0;G04CB01
217;217;berodual;R03AL01;DB00332;589.0;R03AL01
181;181;atrovent;R03BB01;DB00332;589.0;R03BB01
915;915;pioglitazone;A10BG03;DB01132;576.0;A10BG03
914;914;pioglitazon;A10BG03;DB01132;576.0;A10BG03
1436;1436;actos;A10BG03;DB01132;576.0;A10BG03
387;387;palexia;N02AX06;DB06204;572.0;N02AX06
948;948;sanorin;R01AB02;DB06711;571.0;R01AB02
949;949;sanorin;R01AA08;DB06711;571.0;R01AA08
584;584;halaven;L01XX41;DB08871;570.0;L01XX41
615;615;reasec;A07DA01;DB01081;566.0;A07DA01
1422;1422;vigil;N06BA07;DB00745;565.0;N06BA07
738;738;tanakan;N06DX02;DB01381;564.0;N06DX02
699;699;gingio;N06DX02;DB01381;564.0;N06DX02
96;96;dipidolor;N02AC03;DB12492;564.0;N02AC03
570;570;tebokan;N06DX02;DB01381;564.0;N06DX02
1011;1011;synjardy;A10BD20;DB09038;557.0;A10BD20
47;47;letrox;H03AA01;DB00451;557.0;H03AA01
33;33;euthyrox;H03AA01;DB00451;557.0;H03AA01
828;828;jardiance;A10BK03;DB09038;557.0;A10BK03
993;993;sandostatin;H01CB02;DB00104;556.0;H01CB02
1041;1041;risedronat;M05BA07;DB00884;550.0;M05BA07
1566;1566;duodart;G04CA52;DB01126;550.0;G04CA52
1212;1212;risendros;M05BA07;DB00884;550.0;M05BA07
1240;1240;alendronate;M05BA04;DB00630;549.0;M05BA04
1100;1100;triquilar;G03AB03;DB00367;549.0;G03AB03
552;552;fosavance;M05BB03;DB00630;549.0;M05BB03
1078;1078;asumate;G03AA07;DB00367;549.0;G03AA07
1345;1345;microgynon;G03AA07;DB00367;549.0;G03AA07
247;247;clindamycin;J01FF01;DB01190;549.0;J01FF01
145;145;dalacin;J01FF01;DB01190;549.0;J01FF01
1066;1066;duac;D10AF51;DB01190;549.0;D10AF51
1239;1239;alendrogen;M05BA04;DB00630;549.0;M05BA04
146;146;dalacin;G01AA10;DB01190;549.0;G01AA10
1306;1306;soolantra;D11AX22;DB00602;543.0;D11AX22
1447;1447;qutenza;N01BX04;DB06774;541.0;N01BX04
1528;1528;roxithromycin;J01FA06;DB00778;538.0;J01FA06
331;331;cynt;C02AC05;DB09242;534.0;C02AC05
550;550;moxostad;C02AC05;DB09242;534.0;C02AC05
574;574;moxonidin;C02AC05;DB09242;534.0;C02AC05
1064;1064;gutron;C01CA17;DB00211;534.0;C01CA17
1061;1061;moxogamma;C02AC05;DB09242;534.0;C02AC05
749;749;grimodin;N03AX12;DB00996;527.0;N03AX12
246;246;gabapentin;N03AX12;DB00996;527.0;N03AX12
700;700;gabagamma;N03AX12;DB00996;527.0;N03AX12
328;328;gordius;N03AX12;DB00996;527.0;N03AX12
10;10;neurontin;N03AX12;DB00996;527.0;N03AX12
566;566;gabanox;N03AX12;DB00996;527.0;N03AX12
281;281;rilmenidin;C02AC06;DB11738;523.0;C02AC06
207;207;tenaxum;C02AC06;DB11738;523.0;C02AC06
1481;1481;nicorette;N07BA01;DB00184;520.0;N07BA01
1236;1236;actilyse;B01AD02;DB00009;519.0;B01AD02
1420;1420;dretacen;N03AX14;DB01202;518.0;N03AX14
1364;1364;trund;N03AX14;DB01202;518.0;N03AX14
635;635;levetiracetam;N03AX14;DB01202;518.0;N03AX14
959;959;nasivin;R01AA05;DB00935;518.0;R01AA05
943;943;levelanz;N03AX14;DB01202;518.0;N03AX14
1109;1109;pterocyn;N03AX14;DB01202;518.0;N03AX14
532;532;keppra;N03AX14;DB01202;518.0;N03AX14
1491;1491;flarex;S01BA07;DB00324;512.0;S01BA07
1500;1500;flucon;S01BA07;DB00324;512.0;S01BA07
349;349;faktu;C05AD04;DB00527;512.0;C05AD04
885;885;supracain;N01BB58;DB09009;511.0;N01BB58
1214;1214;alphagan;S01EA05;DB00484;504.0;S01EA05
1169;1169;luxfen;S01EA05;DB00484;504.0;S01EA05
1286;1286;ritalin;N06BA04;DB00422;491.0;N06BA04
1533;1533;levosimendan;C01CX08;DB00922;490.0;C01CX08
611;611;nitromint;C01DA02;DB00727;488.0;C01DA02
1018;1018;nitroglycerin;C01DA02;DB00727;488.0;C01DA02
638;638;moventig;A06AH03;DB09049;487.0;A06AH03
1234;1234;evista;G03XC01;DB00481;481.0;G03XC01
724;724;belohair;D11AX01;DB00350;479.0;D11AX01
1101;1101;spersallerg;S01GA52;DB06764;479.0;S01GA52
919;919;elenium;N05BA02;DB00475;455.0;N05BA02
68;68;letrozol;L02BG04;DB01006;454.0;L02BG04
416;416;aletro;L02BG04;DB01006;454.0;L02BG04
137;137;letmylan;L02BG04;DB01006;454.0;L02BG04
1548;1548;letrovena;L02BG04;DB01006;454.0;L02BG04
866;866;likarda;L02BG04;DB01006;454.0;L02BG04
63;63;trozel;L02BG04;DB01006;454.0;L02BG04
1390;1390;dracenax;L02BG04;DB01006;454.0;L02BG04
716;716;etruzil;L02BG04;DB01006;454.0;L02BG04
332;332;flonidan;R06AX13;DB00455;447.0;R06AX13
641;641;claritine;R06AX13;DB00455;447.0;R06AX13
1008;1008;loratadin;R06AX13;DB00455;447.0;R06AX13
824;824;meteospasmyl;A03AX58;DB01616;442.0;A03AX58
1397;1397;mimpara;H05BX01;DB01012;431.0;H05BX01
41;41;detralex;C05CA53;DB08995;419.0;C05CA53
1221;1221;flebazol;C05CA03;DB08995;419.0;C05CA03
674;674;osmigen;C05CA03;DB08995;419.0;C05CA03
602;602;diozen;C05CA03;DB08995;419.0;C05CA03
53;53;lactulosa;A06AD11;DB00581;417.0;A06AD11
1113;1113;laktulosa;A06AD11;DB00581;417.0;A06AD11
101;101;duphalac;A06AD11;DB00581;417.0;A06AD11
684;684;artrodar;M01AX21;DB11994;416.0;M01AX21
1119;1119;ivabradin;C01EB17;DB09083;412.0;C01EB17
715;715;procoralan;C01EB17;DB09083;412.0;C01EB17
560;560;vildagliptin;A10BH02;DB04876;410.0;A10BH02
513;513;eucreas;A10BD08;DB04876;410.0;A10BD08
677;677;galvus;A10BH02;DB04876;410.0;A10BH02
1333;1333;benzetacil;J01CE08;DB01053;406.0;J01CE08
1505;1505;bydureon;A10BJ01;DB01276;400.0;A10BJ01
317;317;rosumop;C10BA06;DB00973;396.0;C10BA06
927;927;inegy;C10BA02;DB00973;396.0;C10BA02
1209;1209;egitim;C10AX09;DB00973;396.0;C10AX09
1435;1435;ezen;C10AX09;DB00973;396.0;C10AX09
1366;1366;ezetimib;C10AX09;DB00973;396.0;C10AX09
1560;1560;coltowan;C10AX09;DB00973;396.0;C10AX09
1459;1459;zetovar;C10BA05;DB00973;396.0;C10BA05
910;910;zenon;C10BA06;DB00973;396.0;C10BA06
468;468;ezetrol;C10AX09;DB00973;396.0;C10AX09
1408;1408;ezoleta;C10AX09;DB00973;396.0;C10AX09
1040;1040;delipid;C10BA06;DB00973;396.0;C10BA06
1037;1037;zoletorv;C10BA05;DB00973;396.0;C10BA05
1567;1567;tezzimi;C10AX09;DB00973;396.0;C10AX09
234;234;sorvasta;C10BA06;DB00973;396.0;C10BA06
983;983;livostin;R01AC02;DB01106;391.0;R01AC02
982;982;livostin;S01GX02;DB01106;391.0;S01GX02
443;443;levemir;A10AE05;DB01307;388.0;A10AE05
1054;1054;actrapid;A10AB01;DB00030;388.0;A10AB01
928;928;insulatard;A10AC01;DB00030;388.0;A10AC01
1201;1201;apidra;A10AB06;DB01309;388.0;A10AB06
490;490;humalog;A10AB04;DB00046;387.0;A10AB04
491;491;humalog;A10AD04;DB00046;387.0;A10AD04
504;504;novorapid;A10AB05;DB01306;387.0;A10AB05
1210;1210;ryzodeg;A10AD06;DB01306;387.0;A10AD06
493;493;fiasp;A10AB05;DB01306;387.0;A10AB05
1387;1387;lyumjev;A10AB04;DB00046;387.0;A10AB04
627;627;xultophy;A10AE56;DB09564;386.0;A10AE56
1211;1211;ryzodeg;A10AD06;DB09564;386.0;A10AD06
607;607;tresiba;A10AE06;DB09564;386.0;A10AE06
462;462;toujeo;A10AE04;DB00047;386.0;A10AE04
374;374;lantus;A10AE04;DB00047;386.0;A10AE04
1385;1385;ozempic;A10BJ06;DB13928;381.0;A10BJ06
553;553;fosavance;M05BB03;DB00169;380.0;M05BB03
32;32;vigantol;A11CC05;DB00169;380.0;A11CC05
628;628;xultophy;A10AE56;DB06655;379.0;A10AE56
1480;1480;victoza;A10BJ02;DB06655;379.0;A10BJ02
1125;1125;esmya;G03XB02;DB08867;374.0;G03XB02
766;766;ewofex;R06AX26;DB00950;372.0;R06AX26
879;879;gilenya;L04AA27;DB08868;367.0;L04AA27
701;701;rocaltrol;A11CC04;DB00136;363.0;A11CC04
665;665;jodid;S01XA04;DB06715;359.0;S01XA04
667;667;jodid;V03AB21;DB06715;359.0;V03AB21
1140;1140;evra;G03AA13;DB06713;355.0;G03AA13
930;930;litalir;L01XX05;DB01005;353.0;L01XX05
938;938;diphereline;L02AE04;DB06825;343.0;L02AE04
448;448;advantan;D07AC14;DB14643;339.0;D07AC14
1019;1019;methylprednisolon;D07AC14;DB14643;339.0;D07AC14
389;389;emanera;A02BC05;DB00736;339.0;A02BC05
713;713;helides;A02BC05;DB00736;339.0;A02BC05
369;369;ursosan;A05AA02;DB01586;332.0;A05AA02
787;787;ursofalk;A05AA02;DB01586;332.0;A05AA02
128;128;epirubicin;L01DB03;DB00445;325.0;L01DB03
224;224;xados;R06AX29;DB11591;322.0;R06AX29
1104;1104;oxytocin;H01BB02;DB00107;319.0;H01BB02
21;21;calcium;A12AA04;DB06724;314.0;A12AA04
276;276;prolia;M05BX04;DB06643;306.0;M05BX04
162;162;xgeva;M05BX04;DB06643;306.0;M05BX04
1303;1303;tysabri;L04AA23;DB00108;305.0;L04AA23
1425;1425;clensia;A06AD65;DB09287;297.0;A06AD65
632;632;moviprep;A06AD65;DB09287;297.0;A06AD65
433;433;forlax;A06AD15;DB09287;297.0;A06AD15
178;178;fortrans;A06AD15;DB09287;297.0;A06AD15
1106;1106;remestyp;H01BA04;DB02638;296.0;H01BA04
335;335;dulcolax;A06AB02;DB09020;293.0;A06AB02
1490;1490;bisacodyl;A06AB02;DB09020;293.0;A06AB02
1498;1498;fenolax;A06AB02;DB09020;293.0;A06AB02
1468;1468;lodronat;M05BA02;DB00720;292.0;M05BA02
1197;1197;lipanor;C10AB08;DB09064;289.0;C10AB08
1063;1063;isoket;C01DA08;DB00883;288.0;C01DA08
1446;1446;aclasta;M05BA08;DB00399;280.0;M05BA08
95;95;zometa;M05BA08;DB00399;280.0;M05BA08
1456;1456;zomikos;M05BA08;DB00399;280.0;M05BA08
1089;1089;binocrit;B03XA01;DB00016;276.0;B03XA01
1453;1453;neorecormon;B03XA01;DB00016;276.0;B03XA01
1553;1553;exelon;N06DA03;DB00989;271.0;N06DA03
637;637;ovestin;G03CA04;DB04573;253.0;G03CA04
1105;1105;gynoflor;G03CC06;DB04573;253.0;G03CC06
38;38;anastrozol;L02BG03;DB01217;249.0;L02BG03
1046;1046;zynzol;L02BG03;DB01217;249.0;L02BG03
94;94;arimidex;L02BG03;DB01217;249.0;L02BG03
367;367;anaprex;L02BG03;DB01217;249.0;L02BG03
311;311;egistrozol;L02BG03;DB01217;249.0;L02BG03
25;25;alozex;L02BG03;DB01217;249.0;L02BG03
1381;1381;atrocela;L02BG03;DB01217;249.0;L02BG03
1017;1017;ladybon;G03CX01;DB09070;242.0;G03CX01
1508;1508;livial;G03CX01;DB09070;242.0;G03CX01
1000;1000;betaferon;L03AB08;DB00068;234.0;L03AB08
1321;1321;tecfidera;L04AX07;DB08908;212.0;L04AX07
1265;1265;clostilbegyt;G03GB02;DB00882;211.0;G03GB02
862;862;copaxone;L03AX13;DB05259;210.0;L03AX13
16;16;calcium;A12AA03;DB11126;208.0;A12AA03
1183;1183;mestinon;N07AA02;DB00545;204.0;N07AA02
17;17;calcium;A12AA07;DB01164;203.0;A12AA07
1350;1350;zemplar;H05BX02;DB00910;202.0;H05BX02
803;803;syntostigmin;N07AA01;DB01400;201.0;N07AA01
1518;1518;mytelase;N07AA30;DB01122;201.0;N07AA30
1399;1399;vizibim;S01EE03;DB00905;193.0;S01EE03
1455;1455;lumigan;S01EE03;DB00905;193.0;S01EE03
1423;1423;bimatoprost;S01EE03;DB00905;193.0;S01EE03
977;977;botox;M03AX01;DB00083;188.0;M03AX01
1257;1257;travatan;S01EE04;DB00287;187.0;S01EE04
978;978;botox;M03AX01;DB00042;183.0;M03AX01
780;780;adenuric;M04AA03;DB04854;164.0;M04AA03
662;662;normix;A07AA11;DB01220;160.0;A07AA11
710;710;duphaston;G03DB01;DB00378;159.0;G03DB01
586;586;vertimed;N07CA01;DB06698;158.0;N07CA01
257;257;betaserc;N07CA01;DB06698;158.0;N07CA01
348;348;betahistin;N07CA01;DB06698;158.0;N07CA01
1404;1404;dorzolamid;S01EC03;DB00869;154.0;S01EC03
1545;1545;trusopt;S01EC03;DB00869;154.0;S01EC03
1415;1415;rebif;L03AB07;DB00060;152.0;L03AB07
1143;1143;aimovig;N02CD01;DB14039;136.0;N02CD01
19;19;calcium;V03AF03;DB00650;135.0;V03AF03
1260;1260;puregon;G03GA06;DB00066;129.0;G03GA06
1427;1427;bridion;V03AB35;DB06206;123.0;V03AB35
827;827;primovist;V08CA10;DB08884;119.0;V08CA10
305;305;lonquex;L03AA14;DB13200;118.0;L03AA14
89;89;exemestan;L02BG06;DB00990;115.0;L02BG06
252;252;exemestane;L02BG06;DB00990;115.0;L02BG06
1052;1052;escepran;L02BG06;DB00990;115.0;L02BG06
1047;1047;astexana;L02BG06;DB00990;115.0;L02BG06
268;268;aromasin;L02BG06;DB00990;115.0;L02BG06
723;723;penbene;J01CE02;DB00417;105.0;J01CE02
1536;1536;pivinorm;J01CA08;DB01605;105.0;J01CA08
426;426;unasyn;J01CR04;DB12127;105.0;J01CR04
534;534;ospen;J01CE02;DB00417;105.0;J01CE02
845;845;v-penicilin;J01CE02;DB00417;105.0;J01CE02
535;535;ospen;J01CE10;DB00417;105.0;J01CE10
868;868;calciferol;A11CC01;DB00153;100.0;A11CC01
658;658;dermovate;D07AD01;DB11750;93.0;D07AD01
1461;1461;clarelux;D07AD01;DB11750;93.0;D07AD01
1220;1220;ambrosan;R05CB06;DB06742;92.0;R05CB06
563;563;mucosolvan;R05CB06;DB06742;92.0;R05CB06
321;321;ambrobene;R05CB06;DB06742;92.0;R05CB06
1509;1509;afloderm;D07AB10;DB00240;87.0;D07AB10
801;801;thiamin;A11DA01;DB00152;65.0;A11DA01
386;386;exacyl;B02AA02;DB00302;63.0;B02AA02
222;222;omnipaque;V08AB02;DB01362;63.0;V08AB02
297;297;macmiror;G01AA51;DB00646;62.0;G01AA51
346;346;xalatan;S01EE01;DB00654;62.0;S01EE01
1552;1552;latanoprost;S01EE01;DB00654;62.0;S01EE01
473;473;unilat;S01EE01;DB00654;62.0;S01EE01
1517;1517;arulatan;S01EE01;DB00654;62.0;S01EE01
1401;1401;solusin;S01EE01;DB00654;62.0;S01EE01
1021;1021;xaloptic;S01EE01;DB00654;62.0;S01EE01
608;608;monopost;S01EE01;DB00654;62.0;S01EE01
671;671;fungicidin;D01AA01;DB00646;62.0;D01AA01
892;892;polygynax;G01AA51;DB00646;62.0;G01AA51
733;733;taflotan;S01EE05;DB08819;61.0;S01EE05
241;241;acc;R05CB01;DB06151;60.0;R05CB01
1539;1539;solmucol;R05CB01;DB06151;60.0;R05CB01
1371;1371;acetylcystein;R05CB01;DB06151;60.0;R05CB01
1412;1412;gyno-pevaryl;G01AF05;DB01127;59.0;G01AF05
955;955;pevaryl;D01AC03;DB01127;59.0;D01AC03
199;199;faslodex;L02BA03;DB00947;50.0;L02BA03
201;201;fulvestrant;L02BA03;DB00947;50.0;L02BA03
669;669;celaskon;A11GA01;DB00126;43.0;A11GA01
1524;1524;neotigason;D05BB02;DB00459;42.0;D05BB02
22;22;calcium;V03AE01;DB01344;39.0;V03AE01
186;186;ascorutin;C05CA51;DB01698;27.0;C05CA51
853;853;dona;M01AX05;DB01296;25.0;M01AX05
1024;1024;bayflex;M01AX05;DB01296;25.0;M01AX05
110;110;pelgraz;L03AA13;DB00019;20.0;L03AA13
1317;1317;neulasta;L03AA13;DB00019;20.0;L03AA13
688;688;panzytrat;A09AA02;DB00085;17.0;A09AA02
358;358;kreon;A09AA02;DB00085;17.0;A09AA02
509;509;pangrol;A09AA02;DB00085;17.0;A09AA02
681;681;azopt;S01EC04;DB01194;16.0;S01EC04
1025;1025;simbrinza;S01EC54;DB01194;16.0;S01EC54
1164;1164;jenamazol;G01AF02;DB00257;13.0;G01AF02
962;962;enstilar;D05AX52;DB02300;13.0;D05AX52
564;564;canesten;D01AC01;DB00257;13.0;D01AC01
1020;1020;daivobet;D05AX52;DB02300;13.0;D05AX52
351;351;imazol;D01AC01;DB00257;13.0;D01AC01
565;565;canesten;G01AF02;DB00257;13.0;G01AF02
589;589;teicoplanin;J01XA02;DB06149;11.0;J01XA02
1376;1376;naxyl;G01AC05;DB04209;11.0;G01AC05
288;288;bactroban;D06AX09;DB00410;8.0;D06AX09
287;287;bactroban;R01AX06;DB00410;8.0;R01AX06
26;26;zarzio;L03AA02;DB00099;8.0;L03AA02
28;28;filgrastim;L03AA02;DB00099;8.0;L03AA02
417;417;tevagrastim;L03AA02;DB00099;8.0;L03AA02
450;450;mupirocin;D06AX09;DB00410;8.0;D06AX09
1151;1151;accofil;L03AA02;DB00099;8.0;L03AA02
1554;1554;nplate;B02BX04;DB05332;6.0;B02BX04
1295;1295;carbosorb;A07BA01;DB09278;5.0;A07BA01
1287;1287;priorix;J07BD52;DB10317;4.0;J07BD52
1016;1016;no-spa;A03AD02;DB06751;3.0;A03AD02
1504;1504;protevasc;C01EB15;DB09069;3.0;C01EB15
1577;1577;allergo-comod;S01GX01;DB01003;2.0;S01GX01
1313;1313;differine;D10AD03;DB00210;2.0;D10AD03
995;995;allergocrom;R01AC01;DB01003;2.0;R01AC01
994;994;allergocrom;S01GX01;DB01003;2.0;S01GX01
1352;1352;phlogenzym;M09AB52;DB11237;1.0;M09AB52
811;811;octreoscan;V09IB01;DB11835;1.0;V09IB01
758;758;cyteal;D08AC52;DB00878;1.0;D08AC52
526;526;guajacuran;R05CA03;DB00874;1.0;R05CA03
973;973;pimafucin;G01AA02;DB00826;1.0;G01AA02
974;974;pimafucin;D01AA02;DB00826;1.0;D01AA02
1380;1380;drill;R02AA05;DB00878;1.0;R02AA05
1184;1184;ofnol;S01GX09;DB00768;1.0;S01GX09
517;517;bepanthen;D08AC52;DB00878;1.0;D08AC52
583;583;loceryl;D01AE16;DB09056;1.0;D01AE16
308;308;wobenzym;M09AB52;DB11237;1.0;M09AB52
46;46;corsodyl;A01AB03;DB00878;1.0;A01AB03
951;951;opatanol;S01GX09;DB00768;1.0;S01GX09
